episode,reward,avg_reward,loss,epsilon,steps,reached_target,elapsed_s
1,10.085,10.085,0.0,0.9845,40,1,0.0
2,9.43,9.7575,0.945997,0.834,98,1,0.2
3,9.48,9.665,0.351132,0.6312,83,1,0.4
4,9.99,9.7462,0.034267,0.5746,22,1,0.4
5,9.98,9.793,0.03657,0.4917,33,1,0.5
6,9.685,9.775,0.063474,0.3352,70,1,0.6
7,-1.775,8.125,0.135025,0.0974,200,0,1.1
8,8.685,8.195,0.152267,0.0568,155,1,1.4
9,-1.775,7.0872,0.111573,0.0503,200,0,1.8
10,9.22,7.3005,0.123164,0.05,104,1,2.0
11,10.1,7.555,0.12231,0.05,16,1,2.0
12,10.105,7.7675,0.140976,0.05,8,1,2.0
13,10.065,7.9442,0.212414,0.05,17,1,2.1
14,10.065,8.0957,0.154683,0.05,7,1,2.1
15,10.075,8.2277,0.150344,0.05,6,1,2.1
16,10.075,8.3431,0.280343,0.05,6,1,2.1
17,10.075,8.445,0.265084,0.05,6,1,2.1
18,-1.775,7.8772,0.125522,0.05,200,0,2.6
19,9.83,7.98,0.118601,0.05,33,1,2.6
20,10.065,8.0842,0.136991,0.05,7,1,2.6
21,10.075,8.179,0.135423,0.05,6,1,2.7
22,10.075,8.2652,0.108364,0.05,6,1,2.7
23,10.025,8.3417,0.150877,0.05,11,1,2.7
24,10.035,8.4123,0.094669,0.05,10,1,2.7
25,9.975,8.4748,0.121093,0.05,26,1,2.8
26,10.075,8.5363,0.087627,0.05,6,1,2.8
27,9.425,8.5693,0.118738,0.05,86,1,3.0
28,9.8,8.6132,0.224074,0.05,41,1,3.1
29,-1.7,8.2576,0.119797,0.05,200,0,3.5
30,8.595,8.2688,0.220817,0.05,184,1,3.8
31,-1.55,7.9521,0.222877,0.05,200,0,4.2
32,-1.6,7.6536,0.348041,0.05,200,0,4.8
33,-1.525,7.3755,0.258298,0.05,200,0,5.2
34,-1.6,7.1115,0.433563,0.05,200,0,5.9
35,8.925,7.1633,0.443683,0.05,156,1,6.2
36,-1.525,6.9219,0.433105,0.05,200,0,6.6
37,-1.65,6.6903,0.561273,0.05,200,0,7.0
38,9.465,6.7633,0.467935,0.05,97,1,7.3
39,-1.55,6.5501,0.605233,0.05,200,0,7.7
40,-1.525,6.3482,0.595881,0.05,200,0,8.2
41,-1.525,6.1562,0.553731,0.05,200,0,9.0
42,-1.575,5.9721,0.521585,0.05,200,0,9.4
43,-1.8,5.7914,0.376349,0.05,200,0,9.9
44,-1.675,5.6217,0.502259,0.05,200,0,10.3
45,-1.675,5.4596,0.763206,0.05,200,0,10.8
46,-1.7,5.3039,0.599841,0.05,200,0,11.3
47,-1.5,5.1591,0.689578,0.05,200,0,11.7
48,-1.45,5.0215,0.572909,0.05,200,0,12.2
49,8.23,5.0869,0.690218,0.05,198,1,12.6
50,8.71,5.1594,0.694783,0.05,180,1,13.0
51,-1.525,4.9272,0.674805,0.05,200,0,13.4
52,9.345,4.9255,0.786042,0.05,104,1,13.6
53,-1.625,4.7034,0.745433,0.05,200,0,14.1
54,-1.525,4.4731,0.770545,0.05,200,0,14.5
55,-1.575,4.242,0.611193,0.05,200,0,15.0
56,-1.575,4.0168,0.513193,0.05,200,0,15.4
57,9.065,4.2336,0.767866,0.05,142,1,15.7
58,-1.6,4.0279,0.665494,0.05,200,0,16.2
59,9.91,4.2616,0.63487,0.05,45,1,16.3
60,-1.6,4.0452,0.587414,0.05,200,0,16.7
61,-1.575,3.8117,0.604414,0.05,200,0,17.1
62,-1.55,3.5786,0.520696,0.05,200,0,17.5
63,-1.675,3.3438,0.599761,0.05,200,0,18.0
64,-1.8,3.1065,0.709323,0.05,200,0,18.4
65,-1.65,2.872,0.564132,0.05,200,0,18.8
66,-1.65,2.6375,0.59188,0.05,200,0,19.2
67,-1.5,2.406,0.54457,0.05,200,0,19.6
68,-1.9,2.4035,0.671385,0.05,200,0,20.1
69,-1.625,2.1744,0.628421,0.05,200,0,20.5
70,-1.575,1.9416,0.669926,0.05,200,0,20.9
71,-1.5,1.7101,0.579133,0.05,200,0,21.3
72,-1.7,1.4746,0.716032,0.05,200,0,21.8
73,-1.8,1.2381,0.540856,0.05,200,0,22.2
74,-1.625,1.0049,0.603385,0.05,200,0,22.6
75,-1.725,0.7709,0.677672,0.05,200,0,23.1
76,-1.85,0.5324,0.671922,0.05,200,0,23.6
77,-2.0,0.3039,0.700249,0.05,200,0,24.0
78,-1.8,0.0719,0.615355,0.05,200,0,24.4
79,-1.75,0.0709,0.646184,0.05,200,0,24.9
80,-1.775,-0.1365,0.801304,0.05,200,0,25.3
81,-1.85,-0.1425,0.880971,0.05,200,0,25.7
82,-1.825,-0.147,0.631262,0.05,200,0,26.1
83,-1.75,-0.1515,0.764476,0.05,200,0,26.6
84,-1.8,-0.1555,0.831542,0.05,200,0,27.0
85,-1.825,-0.3705,0.68461,0.05,200,0,27.4
86,-1.8,-0.376,0.690576,0.05,200,0,27.9
87,-1.525,-0.3735,0.478238,0.05,200,0,28.3
88,-1.75,-0.5978,0.860984,0.05,200,0,28.7
89,-1.9,-0.6048,0.775555,0.05,200,0,29.2
90,-1.575,-0.6058,0.762537,0.05,200,0,29.6
91,-1.8,-0.6113,0.665734,0.05,200,0,30.1
92,-1.875,-0.6173,0.712313,0.05,200,0,30.6
93,-1.7,-0.6153,0.656379,0.05,200,0,31.0
94,-1.925,-0.6203,0.63656,0.05,200,0,31.6
95,-1.875,-0.6243,0.624436,0.05,200,0,32.1
96,-1.85,-0.6273,0.672455,0.05,200,0,32.6
97,-1.85,-0.6343,0.757926,0.05,200,0,33.0
98,-1.85,-0.6423,0.714576,0.05,200,0,33.4
99,-1.85,-0.8439,0.832394,0.05,200,0,33.9
100,-1.85,-1.0551,0.669969,0.05,200,0,34.3
101,-1.7,-1.0586,0.630994,0.05,200,0,34.7
102,-1.875,-1.283,0.662317,0.05,200,0,35.1
103,-1.9,-1.2885,0.61432,0.05,200,0,35.5
104,-1.8,-1.294,0.571627,0.05,200,0,35.9
105,-1.775,-1.298,0.798159,0.05,200,0,36.3
106,-1.675,-1.3,0.981098,0.05,200,0,36.7
107,-1.8,-1.5173,0.704676,0.05,200,0,37.2
108,-1.65,-1.5183,0.74212,0.05,200,0,37.6
109,-1.675,-1.75,0.56005,0.05,200,0,38.0
110,-1.925,-1.7565,0.809686,0.05,200,0,38.4
111,-1.825,-1.7615,0.837362,0.05,200,0,38.8
112,-1.65,-1.7635,0.743589,0.05,200,0,39.2
113,-1.75,-1.765,0.772545,0.05,200,0,39.7
114,-1.8,-1.765,0.719213,0.05,200,0,40.1
115,-1.75,-1.767,0.673918,0.05,200,0,40.5
116,-1.675,-1.7675,0.57266,0.05,200,0,40.9
117,-1.725,-1.772,0.710906,0.05,200,0,41.4
118,-1.6,-1.766,0.694096,0.05,200,0,41.8
119,-1.625,-1.766,0.783395,0.05,200,0,42.2
120,-1.65,-1.7675,0.704172,0.05,200,0,42.6
121,-1.5,-1.7675,0.690066,0.05,200,0,43.0
122,-1.7,-1.7675,0.4968,0.05,200,0,43.4
123,-1.55,-1.7625,0.715613,0.05,200,0,43.8
124,9.13,-1.5474,0.586537,0.05,133,1,44.1
125,-1.7,-1.5469,0.81577,0.05,200,0,44.6
126,-1.675,-1.5434,0.620813,0.05,200,0,45.0
127,-1.825,-1.5399,0.736609,0.05,200,0,45.4
128,-1.6,-1.5359,0.766148,0.05,200,0,45.9
129,-1.65,-1.5339,0.671455,0.05,200,0,46.3
130,-1.825,-1.5349,0.723972,0.05,200,0,46.8
131,-1.725,-1.5324,0.863622,0.05,200,0,47.3
132,-1.675,-1.5294,0.715134,0.05,200,0,47.7
133,9.26,-1.3092,0.810735,0.05,105,1,47.9
134,-1.775,-1.3087,0.64411,0.05,200,0,48.3
135,-1.7,-1.3062,0.626404,0.05,200,0,48.8
136,-1.825,-1.3067,0.741645,0.05,200,0,49.2
137,8.84,-1.0994,0.691298,0.05,132,1,49.5
138,-1.725,-1.0989,0.558581,0.05,200,0,49.9
139,-1.7,-1.0949,0.881847,0.05,200,0,50.3
140,-1.75,-1.0984,0.856339,0.05,200,0,50.7
141,-1.675,-1.0959,0.85756,0.05,200,0,51.1
142,-1.75,-1.0934,0.653429,0.05,200,0,51.5
143,-1.825,-1.0959,0.689683,0.05,200,0,51.9
144,-1.7,-1.0914,0.779735,0.05,200,0,52.3
145,-1.625,-1.0864,0.693167,0.05,200,0,52.8
146,-1.8,-1.0854,0.685192,0.05,200,0,53.2
147,-1.725,-1.0829,0.763165,0.05,200,0,53.6
148,-1.7,-1.0799,0.681137,0.05,200,0,54.0
149,-1.725,-1.0774,0.60892,0.05,200,0,54.4
150,-1.725,-1.0749,0.799169,0.05,200,0,54.8
151,-1.7,-1.0749,0.614731,0.05,200,0,55.2
152,-1.75,-1.0724,0.692171,0.05,200,0,55.7
153,-1.75,-1.0694,0.734402,0.05,200,0,56.1
154,-1.675,-1.0669,0.759728,0.05,200,0,56.5
155,-1.675,-1.0649,0.782073,0.05,200,0,56.9
156,-1.725,-1.0659,0.581262,0.05,200,0,57.3
157,-1.775,-1.0654,0.653799,0.05,200,0,57.7
158,-1.825,-1.0689,0.677083,0.05,200,0,58.2
159,-1.8,-1.0714,0.715041,0.05,200,0,58.6
160,-1.575,-1.0644,0.812098,0.05,200,0,59.0
161,-1.7,-1.0619,0.748716,0.05,200,0,59.4
162,-1.825,-1.0654,0.748425,0.05,200,0,59.8
163,-1.925,-1.0689,0.815667,0.05,200,0,60.2
164,-1.775,-1.0684,0.759877,0.05,200,0,60.6
165,-1.725,-1.0679,0.774762,0.05,200,0,61.0
166,8.53,-0.8638,0.909547,0.05,183,1,61.4
167,-1.6,-0.8613,0.654614,0.05,200,0,61.8
168,-1.7,-0.8633,0.712058,0.05,200,0,62.2
169,-1.725,-0.8653,0.78698,0.05,200,0,62.6
170,-1.675,-0.8658,0.562277,0.05,200,0,63.0
171,-1.85,-0.8728,0.849939,0.05,200,0,63.4
172,-1.8,-0.8748,0.835078,0.05,200,0,63.9
173,-1.75,-0.8788,0.725509,0.05,200,0,64.3
174,-1.875,-1.0989,0.673129,0.05,200,0,64.7
175,-1.575,-1.0964,0.653768,0.05,200,0,65.1
176,-1.75,-1.0979,0.665181,0.05,200,0,65.5
177,-1.725,-1.0959,0.655932,0.05,200,0,65.9
178,-1.725,-1.0984,0.568179,0.05,200,0,66.3
179,-1.675,-1.0989,0.620094,0.05,200,0,66.8
180,-1.725,-1.0969,0.758465,0.05,200,0,67.2
181,-1.95,-1.1014,0.760179,0.05,200,0,67.6
182,-1.75,-1.1029,0.737533,0.05,200,0,68.0
183,-1.775,-1.3236,0.686729,0.05,200,0,68.4
184,-1.9,-1.3261,0.82642,0.05,200,0,68.8
185,-1.65,-1.3251,0.727103,0.05,200,0,69.2
186,-1.65,-1.3216,0.931562,0.05,200,0,69.7
187,-1.85,-1.5354,0.695741,0.05,200,0,70.1
188,-1.85,-1.5379,0.749805,0.05,200,0,70.5
189,-1.875,-1.5414,0.807898,0.05,200,0,70.9
190,-1.9,-1.5444,0.773768,0.05,200,0,71.3
191,-1.725,-1.5454,0.861077,0.05,200,0,71.7
192,-1.85,-1.5474,0.621266,0.05,200,0,72.1
193,-1.825,-1.5474,0.750774,0.05,200,0,72.5
194,-1.7,-1.5474,0.800746,0.05,200,0,73.0
195,-1.85,-1.5519,0.750995,0.05,200,0,73.4
196,-1.7,-1.5499,0.640914,0.05,200,0,73.8
197,-1.9,-1.5534,0.670136,0.05,200,0,74.2
198,-1.725,-1.5539,0.760804,0.05,200,0,74.6
199,-1.75,-1.5544,0.818538,0.05,200,0,75.0
200,-1.925,-1.5584,0.888849,0.05,200,0,75.5
201,-1.7,-1.5584,0.799431,0.05,200,0,75.9
202,-1.7,-1.5574,0.81857,0.05,200,0,76.3
203,-1.8,-1.5584,0.844134,0.05,200,0,76.7
204,-1.8,-1.5609,0.857383,0.05,200,0,77.2
205,-1.675,-1.5609,0.826713,0.05,200,0,77.6
206,-1.85,-1.5634,0.78173,0.05,200,0,78.0
207,-1.7,-1.5619,0.909324,0.05,200,0,78.4
208,-1.85,-1.5624,0.775798,0.05,200,0,78.8
209,-1.925,-1.5649,0.702523,0.05,200,0,79.2
210,-1.75,-1.5684,1.046275,0.05,200,0,79.7
211,8.355,-1.3673,0.815493,0.05,188,1,80.0
212,-1.85,-1.3678,0.637258,0.05,200,0,80.4
213,-1.775,-1.3648,0.749675,0.05,200,0,80.9
214,-1.85,-1.3663,0.768407,0.05,200,0,81.3
215,-1.825,-1.3683,0.801646,0.05,200,0,81.7
216,-1.875,-1.5764,0.880301,0.05,200,0,82.1
217,-1.775,-1.5799,1.011395,0.05,200,0,82.5
218,-1.85,-1.5829,0.862288,0.05,200,0,82.9
219,-1.775,-1.5839,0.803142,0.05,200,0,83.3
220,-1.625,-1.5829,0.80455,0.05,200,0,83.7
221,9.555,-1.3548,0.954558,0.05,73,1,83.8
222,-1.85,-1.3558,0.737128,0.05,200,0,84.3
223,-1.75,-1.3558,1.116391,0.05,200,0,84.7
224,-1.775,-1.3538,0.804811,0.05,200,0,85.1
225,-1.775,-1.3578,0.742256,0.05,200,0,85.5
226,-1.7,-1.3568,0.764244,0.05,200,0,85.9
227,-1.8,-1.3583,1.113135,0.05,200,0,86.4
228,-1.75,-1.3588,0.797441,0.05,200,0,86.8
229,-1.8,-1.3613,0.717515,0.05,200,0,87.2
230,-1.75,-1.3618,0.835597,0.05,200,0,87.6
231,-1.65,-1.3558,0.928455,0.05,200,0,88.0
232,-1.85,-1.3578,0.9095,0.05,200,0,88.4
233,-1.7,-1.3563,0.863787,0.05,200,0,88.8
234,9.005,-1.1382,0.767769,0.05,113,1,89.1
235,-1.825,-1.1417,0.85621,0.05,200,0,89.5
236,8.275,-0.9432,0.778892,0.05,196,1,89.9
237,-1.7,-0.9402,0.947565,0.05,200,0,90.4
238,-1.9,-0.9412,0.893618,0.05,200,0,90.9
239,-1.7,-0.9377,0.817146,0.05,200,0,91.3
240,-1.925,-0.9382,1.005794,0.05,200,0,91.8
241,-1.85,-0.9407,1.034864,0.05,200,0,92.2
242,-1.95,-0.9427,0.979341,0.05,200,0,92.7
243,-1.85,-0.9432,0.971862,0.05,200,0,93.1
244,-1.85,-0.9462,0.89436,0.05,200,0,93.6
245,-1.75,-0.9442,0.805239,0.05,200,0,94.1
246,-1.975,-0.9497,0.594426,0.05,200,0,94.5
247,-1.8,-0.9477,0.943273,0.05,200,0,94.9
248,-1.6,-0.9452,0.682673,0.05,200,0,95.4
249,-1.675,-0.9437,0.765186,0.05,200,0,95.8
250,-1.8,-0.9412,0.835878,0.05,200,0,96.3
251,8.53,-0.7366,0.641901,0.05,173,1,96.7
252,-1.9,-0.7406,0.89615,0.05,200,0,97.1
253,-1.8,-0.7406,0.885675,0.05,200,0,97.5
254,-1.775,-0.7401,0.909954,0.05,200,0,97.9
255,-1.75,-0.7416,1.027223,0.05,200,0,98.4
256,-1.775,-0.7401,0.782821,0.05,200,0,98.8
257,-1.675,-0.7396,0.861555,0.05,200,0,99.2
258,-1.875,-0.7401,1.026157,0.05,200,0,99.6
259,-1.725,-0.7361,0.846491,0.05,200,0,100.0
260,-1.725,-0.7356,0.909675,0.05,200,0,100.4
261,-1.675,-0.9362,0.741819,0.05,200,0,100.9
262,-1.7,-0.9332,0.931885,0.05,200,0,101.3
263,-1.65,-0.9307,0.958838,0.05,200,0,101.7
264,-1.775,-0.9292,0.935256,0.05,200,0,102.1
265,-1.775,-0.9282,0.904065,0.05,200,0,102.5
266,-1.675,-0.9242,0.920842,0.05,200,0,102.9
267,-1.725,-0.9232,0.893812,0.05,200,0,103.3
268,-1.775,-0.9217,0.922295,0.05,200,0,103.8
269,-1.775,-0.9217,0.873064,0.05,200,0,104.2
270,-1.75,-0.9242,0.811065,0.05,200,0,104.6
271,-1.925,-1.1538,1.082274,0.05,200,0,105.0
272,-1.85,-1.1538,0.976344,0.05,200,0,105.4
273,-1.825,-1.1553,0.727677,0.05,200,0,105.8
274,-1.725,-1.1543,0.96571,0.05,200,0,106.3
275,-1.725,-1.1533,0.934225,0.05,200,0,106.8
276,-1.75,-1.1543,0.991749,0.05,200,0,107.2
277,-1.9,-1.1563,0.99764,0.05,200,0,107.6
278,-1.825,-1.1578,1.051544,0.05,200,0,108.0
279,-1.75,-1.1568,1.00136,0.05,200,0,108.4
280,-1.9,-1.1598,0.919133,0.05,200,0,108.8
281,-1.8,-1.1628,0.839905,0.05,200,0,109.2
282,-1.85,-1.1628,0.946991,0.05,200,0,109.6
283,-1.75,-1.1638,0.966115,0.05,200,0,110.0
284,-1.625,-1.3764,0.986665,0.05,200,0,110.4
285,-1.725,-1.3744,0.931695,0.05,200,0,110.9
286,-1.675,-1.5734,0.872744,0.05,200,0,111.3
287,-1.75,-1.5744,1.111237,0.05,200,0,111.7
288,-1.75,-1.5714,1.222804,0.05,200,0,112.1
289,-1.775,-1.5729,0.848292,0.05,200,0,112.5
290,9.3,-1.3484,1.231173,0.05,111,1,112.7
291,-1.825,-1.3479,0.954345,0.05,200,0,113.2
292,-1.65,-1.3419,0.916677,0.05,200,0,113.6
293,8.89,-1.1271,0.957797,0.05,132,1,113.8
294,-1.75,-1.1251,0.957668,0.05,200,0,114.3
295,-1.95,-1.1291,1.136137,0.05,200,0,114.7
296,-1.95,-1.1286,0.887936,0.05,200,0,115.1
297,-1.85,-1.1296,1.066744,0.05,200,0,115.6
298,-1.775,-1.1331,0.878936,0.05,200,0,116.0
299,-1.85,-1.1366,0.884992,0.05,200,0,116.5
300,-1.775,-1.1361,0.784067,0.05,200,0,116.9
301,-1.8,-1.3427,0.970694,0.05,200,0,117.3
302,-1.75,-1.3397,1.127249,0.05,200,0,117.8
303,-1.6,-1.3357,1.078129,0.05,200,0,118.2
304,-1.85,-1.3372,0.925516,0.05,200,0,118.6
305,-1.75,-1.3372,1.056225,0.05,200,0,119.0
306,-1.725,-1.3362,0.902801,0.05,200,0,119.4
307,-1.65,-1.3357,0.955508,0.05,200,0,119.8
308,-1.8,-1.3342,1.011921,0.05,200,0,120.2
309,9.16,-1.1165,1.23935,0.05,110,1,120.5
310,-1.8,-1.118,0.821543,0.05,200,0,120.9
311,-1.825,-1.121,0.914625,0.05,200,0,121.3
312,-1.825,-1.1235,1.254689,0.05,200,0,121.7
313,-1.775,-1.126,1.282158,0.05,200,0,122.2
314,9.07,-0.9091,1.219426,0.05,119,1,122.4
315,-1.775,-0.9091,0.922006,0.05,200,0,122.8
316,-2.0,-0.9156,1.08992,0.05,200,0,123.2
317,-1.775,-0.9166,0.994271,0.05,200,0,123.7
318,-1.775,-0.9166,0.828189,0.05,200,0,124.1
319,-1.875,-0.9186,1.024476,0.05,200,0,124.5
320,-1.9,-0.9216,1.352198,0.05,200,0,125.0
321,-1.725,-0.9176,1.033943,0.05,200,0,125.4
322,-1.85,-0.9176,1.141969,0.05,200,0,125.8
323,-1.95,-0.9201,1.266158,0.05,200,0,126.2
324,-1.75,-0.9206,1.017984,0.05,200,0,126.7
325,-1.85,-0.9231,0.882132,0.05,200,0,127.1
326,-1.85,-0.9251,1.206171,0.05,200,0,127.5
327,-1.85,-0.9241,1.094213,0.05,200,0,128.0
328,-1.825,-0.9241,0.996319,0.05,200,0,128.4
329,-1.825,-0.9256,1.054308,0.05,200,0,128.8
330,-1.825,-0.9241,1.106384,0.05,200,0,129.2
331,-1.825,-0.9246,1.233306,0.05,200,0,129.6
332,-1.7,-0.9216,1.243217,0.05,200,0,130.0
333,-1.775,-0.9221,1.153201,0.05,200,0,130.5
334,9.765,-0.6943,0.718822,0.05,37,1,130.5
335,-1.7,-0.6938,1.128297,0.05,200,0,131.0
336,9.52,-0.4699,1.215817,0.05,74,1,131.1
337,-1.7,-0.4689,1.070891,0.05,200,0,131.5
338,9.355,-0.2468,0.990187,0.05,93,1,131.7
339,-1.725,-0.2458,0.96851,0.05,200,0,132.1
340,-1.725,-0.4663,1.316296,0.05,200,0,132.5
341,-1.85,-0.4668,1.248156,0.05,200,0,132.9
342,-1.825,-0.4703,1.085414,0.05,200,0,133.4
343,-1.675,-0.6816,1.308509,0.05,200,0,133.8
344,-1.925,-0.6851,1.137562,0.05,200,0,134.2
345,-1.65,-0.6791,1.135011,0.05,200,0,134.6
346,-1.7,-0.6741,0.974976,0.05,200,0,135.0
347,-1.725,-0.6716,1.05249,0.05,200,0,135.4
348,-1.9,-0.6741,1.597593,0.05,200,0,135.8
349,9.135,-0.4544,1.000331,0.05,115,1,136.0
350,8.335,-0.2522,1.283568,0.05,190,1,136.4
351,-1.775,-0.2517,1.206646,0.05,200,0,136.8
352,-1.825,-0.2532,1.089979,0.05,200,0,137.3
353,-1.85,-0.2582,1.056442,0.05,200,0,137.7
354,9.88,-0.0236,0.802552,0.05,28,1,137.7
355,-2.025,-0.0291,0.981292,0.05,200,0,138.1
356,-1.75,-0.0296,0.863006,0.05,200,0,138.6
357,-1.65,-0.0296,1.245402,0.05,200,0,139.0
358,-1.65,-0.0266,1.161827,0.05,200,0,139.4
359,-1.75,-0.2448,1.019891,0.05,200,0,139.8
360,8.625,-0.0363,1.268372,0.05,166,1,140.2
361,-1.75,-0.0348,1.091091,0.05,200,0,140.6
362,-1.75,-0.0333,1.479928,0.05,200,0,141.0
363,-1.675,-0.0313,1.239302,0.05,200,0,141.4
364,-1.725,-0.2472,1.099987,0.05,200,0,141.8
365,-1.675,-0.2452,0.993341,0.05,200,0,142.2
366,-1.8,-0.2412,1.158491,0.05,200,0,142.6
367,-1.825,-0.2422,1.025777,0.05,200,0,143.1
368,-1.875,-0.2442,0.998227,0.05,200,0,143.5
369,-1.95,-0.2457,1.048376,0.05,200,0,143.9
370,-1.85,-0.2447,1.170056,0.05,200,0,144.3
371,-1.825,-0.2467,1.547441,0.05,200,0,144.7
372,-1.9,-0.2477,1.355825,0.05,200,0,145.1
373,-1.925,-0.2472,1.093062,0.05,200,0,145.5
374,-1.825,-0.2487,1.025346,0.05,200,0,145.9
375,-1.775,-0.2472,1.275161,0.05,200,0,146.3
376,-1.85,-0.2472,1.219076,0.05,200,0,146.7
377,-1.925,-0.2487,1.040285,0.05,200,0,147.1
378,-1.825,-0.2487,1.227453,0.05,200,0,147.5
379,-1.725,-0.2467,1.377916,0.05,200,0,148.0
380,-1.85,-0.2472,1.084494,0.05,200,0,148.4
381,-1.875,-0.2482,1.292388,0.05,200,0,148.8
382,-1.875,-0.2517,1.228061,0.05,200,0,149.2
383,-1.9,-0.2542,1.389075,0.05,200,0,149.6
384,-1.85,-0.4865,1.385183,0.05,200,0,150.0
385,-1.775,-0.488,1.303099,0.05,200,0,150.5
386,-1.85,-0.7154,1.387613,0.05,200,0,150.9
387,-1.7,-0.7154,1.15701,0.05,200,0,151.3
388,9.09,-0.7207,1.30749,0.05,127,1,151.6
389,-1.65,-0.7192,1.205535,0.05,200,0,152.0
390,-1.7,-0.7187,0.977484,0.05,200,0,152.4
391,-1.675,-0.7152,1.30758,0.05,200,0,152.8
392,9.885,-0.481,0.622257,0.05,35,1,152.9
393,-1.725,-0.482,1.022554,0.05,200,0,153.3
394,-1.725,-0.478,1.05947,0.05,200,0,153.7
395,-1.8,-0.481,1.042679,0.05,200,0,154.1
396,-1.725,-0.4815,1.436166,0.05,200,0,154.5
397,-1.825,-0.4835,1.327759,0.05,200,0,154.9
398,-1.7,-0.4795,0.744258,0.05,200,0,155.3
399,-1.7,-0.6962,0.938522,0.05,200,0,155.7
400,-1.75,-0.8979,1.432424,0.05,200,0,156.1
401,-1.7,-0.8964,1.17055,0.05,200,0,156.5
402,-1.8,-0.8959,1.314706,0.05,200,0,157.0
403,-1.75,-0.8939,1.846202,0.05,200,0,157.4
404,-1.825,-1.128,1.455586,0.05,200,0,157.8
405,-1.75,-1.1225,1.237319,0.05,200,0,158.2
406,-1.8,-1.1235,1.439636,0.05,200,0,158.6
407,-1.825,-1.127,1.48862,0.05,200,0,159.0
408,-1.9,-1.132,1.209805,0.05,200,0,159.5
409,-1.725,-1.1315,1.323058,0.05,200,0,159.9
410,-1.85,-1.341,1.27087,0.05,200,0,160.3
411,-1.875,-1.3435,1.155482,0.05,200,0,160.7
412,-1.8,-1.3445,1.084404,0.05,200,0,161.1
413,-1.75,-1.346,1.050448,0.05,200,0,161.5
414,-1.725,-1.346,1.159315,0.05,200,0,161.9
415,-1.775,-1.348,1.532397,0.05,200,0,162.4
416,-1.825,-1.3485,1.369623,0.05,200,0,162.8
417,-1.8,-1.348,1.361409,0.05,200,0,163.2
418,-1.775,-1.346,1.582533,0.05,200,0,163.6
419,-1.875,-1.3445,1.26001,0.05,200,0,164.0
420,-1.85,-1.3445,1.469346,0.05,200,0,164.4
421,-1.8,-1.344,1.344561,0.05,200,0,164.8
422,-1.85,-1.343,1.518122,0.05,200,0,165.2
423,-1.85,-1.3415,1.329471,0.05,200,0,165.6
424,-1.85,-1.342,1.631707,0.05,200,0,166.0
425,-1.825,-1.343,1.419986,0.05,200,0,166.4
426,-1.825,-1.3425,1.522503,0.05,200,0,166.9
427,-1.725,-1.3385,1.225762,0.05,200,0,167.4
428,-1.775,-1.3375,1.232816,0.05,200,0,167.9
429,-1.875,-1.3405,1.370735,0.05,200,0,168.3
430,-1.775,-1.339,1.51707,0.05,200,0,168.7
431,-1.85,-1.3385,0.898341,0.05,200,0,169.1
432,-1.75,-1.336,1.588411,0.05,200,0,169.5
433,-1.825,-1.3345,1.494676,0.05,200,0,169.9
434,-1.875,-1.335,1.199731,0.05,200,0,170.4
435,-1.825,-1.336,1.178931,0.05,200,0,170.8
436,-1.675,-1.3325,1.525541,0.05,200,0,171.2
437,-1.725,-1.333,1.062694,0.05,200,0,171.7
438,-1.875,-1.5523,1.150724,0.05,200,0,172.1
439,-1.75,-1.5543,1.441335,0.05,200,0,172.5
440,-1.9,-1.5583,1.229155,0.05,200,0,172.9
441,-1.75,-1.5598,1.413763,0.05,200,0,173.4
442,-1.9,-1.7955,1.388902,0.05,200,0,173.8
443,-1.925,-1.7995,1.300294,0.05,200,0,174.3
444,-1.85,-1.802,1.73847,0.05,200,0,174.7
445,-1.925,-1.8045,1.307455,0.05,200,0,175.2
446,-1.75,-1.805,1.325219,0.05,200,0,175.6
447,-1.775,-1.804,1.197187,0.05,200,0,176.1
448,-1.725,-1.8045,1.544308,0.05,200,0,176.6
449,-1.875,-1.808,1.526782,0.05,200,0,177.1
450,-1.775,-1.8085,1.380286,0.05,200,0,177.7
451,-1.875,-1.812,1.723846,0.05,200,0,178.2
452,-1.925,-1.8145,1.834018,0.05,200,0,178.6
453,-1.875,-1.817,1.350506,0.05,200,0,179.0
454,-1.85,-1.8175,1.547398,0.05,200,0,179.5
455,-1.925,-1.821,1.543001,0.05,200,0,179.9
456,-1.875,-1.8225,1.385243,0.05,200,0,180.3
457,-1.85,-1.823,1.539227,0.05,200,0,180.7
458,-1.675,-1.8185,1.505166,0.05,200,0,181.2
459,-1.85,-1.821,1.291116,0.05,200,0,181.6
460,-1.7,-1.818,1.574297,0.05,200,0,182.1
461,8.475,-1.611,1.614957,0.05,181,1,182.5
462,-1.825,-1.6115,1.526658,0.05,200,0,182.9
463,-1.85,-1.6135,1.510928,0.05,200,0,183.3
464,-1.75,-1.614,1.200081,0.05,200,0,183.7
465,-1.9,-1.6165,1.159035,0.05,200,0,184.1
466,-1.825,-1.6165,1.242682,0.05,200,0,184.5
467,-1.75,-1.6155,1.566881,0.05,200,0,184.9
468,-1.825,-1.6165,1.530405,0.05,200,0,185.4
469,-1.725,-1.6135,1.294087,0.05,200,0,185.8
470,-1.825,-1.613,1.525481,0.05,200,0,186.2
471,-1.875,-1.6145,1.270951,0.05,200,0,186.6
472,-1.725,-1.612,1.513592,0.05,200,0,187.0
473,-1.775,-1.6105,1.479962,0.05,200,0,187.4
474,-1.725,-1.608,1.515083,0.05,200,0,187.8
475,-1.7,-1.6055,1.382898,0.05,200,0,188.2
476,-1.75,-1.604,1.210984,0.05,200,0,188.6
477,-1.65,-1.6025,1.537468,0.05,200,0,189.0
478,-1.825,-1.6035,1.850076,0.05,200,0,189.5
479,-1.9,-1.604,1.547039,0.05,200,0,189.9
480,-1.7,-1.6025,1.511583,0.05,200,0,190.3
481,-1.775,-1.601,1.71651,0.05,200,0,190.7
482,-1.825,-1.6025,1.498077,0.05,200,0,191.1
483,-1.8,-1.602,1.531258,0.05,200,0,191.6
484,-1.9,-1.6025,1.723619,0.05,200,0,192.0
485,-1.925,-1.6045,1.541767,0.05,200,0,192.4
486,-1.7,-1.605,1.374725,0.05,200,0,192.8
487,-1.825,-1.607,1.646563,0.05,200,0,193.2
488,-1.725,-1.604,1.802259,0.05,200,0,193.6
489,-1.925,-1.6075,1.158922,0.05,200,0,194.1
490,-1.75,-1.6045,1.973859,0.05,200,0,194.5
491,-1.925,-1.608,1.417909,0.05,200,0,194.9
492,-1.825,-1.6065,1.500225,0.05,200,0,195.3
493,-1.75,-1.603,1.410115,0.05,200,0,195.7
494,-1.725,-1.6005,1.590582,0.05,200,0,196.1
495,-1.875,-1.5995,1.592275,0.05,200,0,196.6
496,-1.775,-1.6,1.460291,0.05,200,0,197.0
497,-1.85,-1.6015,1.533446,0.05,200,0,197.4
498,-1.875,-1.6045,1.527007,0.05,200,0,197.8
499,-1.8,-1.603,1.483631,0.05,200,0,198.2
500,-1.7,-1.6015,1.656066,0.05,200,0,198.6
501,-1.575,-1.5955,1.750108,0.05,200,0,199.0
502,-1.75,-1.592,1.60415,0.05,200,0,199.4
503,-1.7,-1.5885,1.39003,0.05,200,0,199.8
504,-1.775,-1.587,1.662429,0.05,200,0,200.3
505,-1.7,-1.5825,1.451955,0.05,200,0,200.7
506,-1.625,-1.5775,1.697605,0.05,200,0,201.1
507,-1.775,-1.576,1.679584,0.05,200,0,201.5
508,-1.75,-1.5775,1.269948,0.05,200,0,201.9
509,-1.775,-1.576,1.702093,0.05,200,0,202.3
510,-1.8,-1.578,1.862544,0.05,200,0,202.7
511,-1.85,-1.7845,1.669381,0.05,200,0,203.2
512,-1.825,-1.7845,1.543346,0.05,200,0,203.6
513,-1.85,-1.7845,1.679449,0.05,200,0,204.1
514,-1.8,-1.7855,1.861948,0.05,200,0,204.5
515,-1.725,-1.782,1.747925,0.05,200,0,204.9
516,-1.675,-1.779,1.435513,0.05,200,0,205.4
517,8.425,-1.5755,1.618228,0.05,186,1,205.7
518,-1.775,-1.5745,1.458766,0.05,200,0,206.2
519,-1.9,-1.578,1.808679,0.05,200,0,206.6
520,-1.8,-1.5775,1.467908,0.05,200,0,207.0
521,-1.875,-1.5775,1.590577,0.05,200,0,207.4
522,-1.925,-1.5815,1.371091,0.05,200,0,207.8
523,-1.725,-1.5805,1.62889,0.05,200,0,208.3
524,-1.85,-1.583,1.834085,0.05,200,0,208.7
525,-1.8,-1.585,1.461678,0.05,200,0,209.1
526,-1.775,-1.5855,1.397945,0.05,200,0,209.5
527,-1.8,-1.5885,1.319167,0.05,200,0,210.0
528,-1.875,-1.5895,1.668554,0.05,200,0,210.4
529,8.29,-1.3857,1.526757,0.05,197,1,210.8
530,-1.75,-1.3867,1.536328,0.05,200,0,211.2
531,-1.875,-1.3887,1.09645,0.05,200,0,211.6
532,-1.875,-1.3897,1.491097,0.05,200,0,212.0
533,-1.75,-1.3887,1.460945,0.05,200,0,212.4
534,-1.8,-1.3867,1.740033,0.05,200,0,212.8
535,-1.9,-1.3862,1.206595,0.05,200,0,213.3
536,-1.95,-1.3912,1.563109,0.05,200,0,213.7
537,-1.725,-1.3892,1.724513,0.05,200,0,214.1
538,-1.775,-1.3902,1.566675,0.05,200,0,214.5
539,-1.85,-1.3887,1.309917,0.05,200,0,214.9
540,-1.775,-1.3892,1.322731,0.05,200,0,215.3
541,-1.925,-1.3892,1.687201,0.05,200,0,215.7
542,-1.85,-1.3897,1.555526,0.05,200,0,216.1
543,-1.85,-1.3917,1.693201,0.05,200,0,216.6
544,-1.825,-1.3937,1.710644,0.05,200,0,217.0
545,-1.725,-1.3907,1.34486,0.05,200,0,217.4
546,-1.8,-1.3912,1.701459,0.05,200,0,217.9
547,-1.625,-1.3867,1.143574,0.05,200,0,218.5
548,-1.725,-1.3837,1.839617,0.05,200,0,219.0
549,-1.85,-1.3847,1.965402,0.05,200,0,219.4
550,-1.7,-1.3847,1.499067,0.05,200,0,219.8
551,-1.8,-1.3892,1.601195,0.05,200,0,220.2
552,-1.75,-1.3892,1.259126,0.05,200,0,220.6
553,-1.875,-1.3927,1.739222,0.05,200,0,221.0
554,-1.775,-1.3927,1.488647,0.05,200,0,221.5
555,-1.75,-1.3937,2.008021,0.05,200,0,221.9
556,-1.625,-1.3937,1.390104,0.05,200,0,222.3
557,-1.875,-1.3957,1.837699,0.05,200,0,222.7
558,-1.6,-1.3927,1.792801,0.05,200,0,223.1
559,-1.725,-1.3917,1.508816,0.05,200,0,223.5
560,-1.825,-1.3922,1.389875,0.05,200,0,224.0
561,-1.675,-1.3887,2.024885,0.05,200,0,224.4
562,-1.75,-1.3872,1.847279,0.05,200,0,224.8
563,-1.775,-1.3857,1.499643,0.05,200,0,225.2
564,-1.85,-1.3867,1.844456,0.05,200,0,225.6
565,9.11,-1.17,1.2643,0.05,120,1,225.9
566,-1.75,-1.1715,1.800759,0.05,200,0,226.3
567,8.64,-1.1672,1.564067,0.05,167,1,226.7
568,-1.725,-1.1662,1.287861,0.05,200,0,227.2
569,-1.7,-1.1622,1.767629,0.05,200,0,227.6
570,-1.825,-1.1627,1.88769,0.05,200,0,228.0
571,-1.775,-1.1607,1.176846,0.05,200,0,228.4
572,-1.725,-1.1567,1.64966,0.05,200,0,228.8
573,-1.725,-1.1567,1.841997,0.05,200,0,229.2
574,10.005,-0.9196,2.398159,0.05,23,1,229.2
575,-1.8,-0.9196,1.866004,0.05,200,0,229.7
576,-1.8,-0.9201,1.988618,0.05,200,0,230.1
577,-1.625,-0.9166,1.715955,0.05,200,0,230.5
578,-1.725,-0.9136,1.59966,0.05,200,0,230.9
579,-1.7,-1.1134,2.014145,0.05,200,0,231.4
580,-1.6,-1.1104,1.664714,0.05,200,0,231.9
581,-1.75,-1.1079,1.71304,0.05,200,0,232.3
582,-1.7,-1.1044,1.652678,0.05,200,0,232.8
583,-1.8,-1.1054,1.503775,0.05,200,0,233.2
584,-1.6,-1.1014,1.764107,0.05,200,0,233.7
585,9.82,-0.867,2.174918,0.05,44,1,233.8
586,-1.675,-0.8615,1.344212,0.05,200,0,234.2
587,8.88,-0.6494,1.972919,0.05,143,1,234.5
588,-1.7,-0.6479,1.791546,0.05,200,0,234.9
589,-1.725,-0.6454,1.473675,0.05,200,0,235.3
590,-1.775,-0.6454,1.359962,0.05,200,0,235.7
591,-1.7,-0.6409,1.814056,0.05,200,0,236.1
592,-1.675,-0.6374,1.544158,0.05,200,0,236.6
593,-1.625,-0.6329,1.679941,0.05,200,0,237.0
594,-1.825,-0.6329,1.631527,0.05,200,0,237.4
595,-1.725,-0.6329,1.852403,0.05,200,0,237.8
596,-1.775,-0.6324,1.803184,0.05,200,0,238.3
597,-1.55,-0.6309,1.748355,0.05,200,0,238.7
598,-1.825,-0.6329,1.771206,0.05,200,0,239.1
599,-1.65,-0.6289,1.267777,0.05,200,0,239.5
600,-1.725,-0.6294,1.519044,0.05,200,0,239.9
601,-1.675,-0.6269,1.549123,0.05,200,0,240.4
602,-1.75,-0.6269,1.866494,0.05,200,0,240.8
603,-1.675,-0.6229,1.805935,0.05,200,0,241.2
604,-1.725,-0.6219,1.69484,0.05,200,0,241.6
605,9.455,-0.3978,1.980377,0.05,88,1,241.8
606,-1.725,-0.3998,1.751444,0.05,200,0,242.2
607,-1.7,-0.3963,1.861734,0.05,200,0,242.6
608,-1.725,-0.3988,1.485535,0.05,200,0,243.1
609,-1.8,-0.4003,1.321525,0.05,200,0,243.5
610,-1.675,-0.3973,1.695938,0.05,200,0,243.9
611,-1.75,-0.3988,1.662038,0.05,200,0,244.3
612,-1.675,-0.3973,1.594145,0.05,200,0,244.7
613,-1.625,-0.3943,1.688627,0.05,200,0,245.1
614,-1.65,-0.3903,1.683494,0.05,200,0,245.5
615,-1.675,-0.606,1.374,0.05,200,0,245.9
616,-1.775,-0.6065,1.305056,0.05,200,0,246.4
617,-1.725,-0.8138,1.894464,0.05,200,0,246.8
618,-1.775,-0.8148,1.489042,0.05,200,0,247.2
619,-1.875,-0.8183,1.811006,0.05,200,0,247.6
620,-1.725,-0.8163,1.897223,0.05,200,0,248.0
621,-1.65,-0.8138,1.859065,0.05,200,0,248.4
622,-1.775,-0.8148,1.701646,0.05,200,0,248.9
623,-1.75,-0.8153,1.86601,0.05,200,0,249.3
624,-1.75,-1.0504,1.576948,0.05,200,0,249.7
625,-1.65,-1.0474,1.704247,0.05,200,0,250.1
626,-1.9,-1.0494,1.9273,0.05,200,0,250.6
627,-1.775,-1.0524,1.450315,0.05,200,0,251.0
628,-1.9,-1.0559,1.923483,0.05,200,0,251.4
629,-1.85,-1.0589,1.788782,0.05,200,0,251.8
630,-1.85,-1.0639,1.7638,0.05,200,0,252.3
631,-1.85,-1.0659,1.878218,0.05,200,0,252.7
632,-1.7,-1.0659,2.19221,0.05,200,0,253.1
633,-1.875,-1.0674,1.840917,0.05,200,0,253.5
634,9.31,-0.8492,1.830168,0.05,95,1,253.7
635,-1.775,-1.0811,1.988693,0.05,200,0,254.2
636,-1.75,-1.0826,2.004451,0.05,200,0,254.6
637,-1.725,-1.2947,1.872106,0.05,200,0,255.0
638,-1.8,-1.2967,2.325539,0.05,200,0,255.5
639,-1.825,-1.2987,1.773489,0.05,200,0,255.9
640,-1.8,-1.2992,2.437612,0.05,200,0,256.3
641,-1.725,-1.2997,2.062983,0.05,200,0,256.7
642,-1.8,-1.3022,1.758197,0.05,200,0,257.1
643,-1.875,-1.3072,1.949202,0.05,200,0,257.6
644,-1.75,-1.3057,2.422725,0.05,200,0,258.1
645,-1.625,-1.3037,1.886356,0.05,200,0,258.6
646,-1.775,-1.3037,2.023722,0.05,200,0,259.0
647,-1.825,-1.3092,1.941673,0.05,200,0,259.5
648,-1.85,-1.3097,1.988709,0.05,200,0,259.9
649,-1.825,-1.3132,1.940534,0.05,200,0,260.4
650,-1.825,-1.3152,2.170499,0.05,200,0,260.8
651,-1.7,-1.3157,1.886096,0.05,200,0,261.3
652,-1.7,-1.3147,2.355621,0.05,200,0,261.7
653,-1.7,-1.3152,1.783046,0.05,200,0,262.2
654,-1.8,-1.3167,2.004203,0.05,200,0,262.6
655,-1.65,-1.5388,2.072005,0.05,200,0,263.1
656,-1.775,-1.5398,1.888958,0.05,200,0,263.5
657,-1.875,-1.5433,1.69547,0.05,200,0,263.9
658,-1.75,-1.5438,1.999884,0.05,200,0,264.4
659,-1.85,-1.5448,1.850559,0.05,200,0,264.8
660,-1.65,-1.5443,2.215854,0.05,200,0,265.2
661,-1.85,-1.5463,1.711794,0.05,200,0,265.7
662,-1.725,-1.5473,1.657238,0.05,200,0,266.1
663,-1.6,-1.5468,2.213169,0.05,200,0,266.5
664,-1.775,-1.5493,2.212427,0.05,200,0,266.9
665,-1.675,-1.5493,2.149753,0.05,200,0,267.3
666,-1.7,-1.5478,1.714661,0.05,200,0,267.7
667,-1.775,-1.5488,1.913924,0.05,200,0,268.1
668,-1.85,-1.5503,2.160752,0.05,200,0,268.5
669,-1.775,-1.5483,2.163294,0.05,200,0,269.0
670,-1.65,-1.5468,2.36382,0.05,200,0,269.4
671,-1.775,-1.5493,2.085011,0.05,200,0,269.8
672,-1.75,-1.5488,1.823623,0.05,200,0,270.2
673,-1.775,-1.5493,2.413305,0.05,200,0,270.6
674,-1.75,-1.5493,1.600058,0.05,200,0,271.0
675,-1.775,-1.5518,1.697201,0.05,200,0,271.5
676,9.52,-1.3234,2.073944,0.05,79,1,271.6
677,-1.775,-1.3234,1.967431,0.05,200,0,272.1
678,-1.7,-1.3194,2.367107,0.05,200,0,272.5
679,-1.775,-1.3179,1.941589,0.05,200,0,272.9
680,-1.95,-1.3199,2.07286,0.05,200,0,273.3
681,-1.75,-1.3179,1.785038,0.05,200,0,273.8
682,-1.8,-1.3199,1.900446,0.05,200,0,274.2
683,-1.95,-1.3214,1.71475,0.05,200,0,274.6
684,-1.775,-1.5431,1.866416,0.05,200,0,275.0
685,-1.875,-1.5451,1.712575,0.05,200,0,275.4
686,-1.775,-1.5456,2.133627,0.05,200,0,275.9
687,-1.8,-1.5471,1.912339,0.05,200,0,276.3
688,-1.875,-1.5486,2.087513,0.05,200,0,276.7
689,-1.9,-1.5501,1.744888,0.05,200,0,277.1
690,-1.9,-1.5521,2.046598,0.05,200,0,277.5
691,-1.8,-1.5536,1.84706,0.05,200,0,277.9
692,-1.875,-1.5551,1.986378,0.05,200,0,278.3
693,-1.675,-1.5511,1.898135,0.05,200,0,278.7
694,10.02,-1.3157,2.28253,0.05,14,1,278.8
695,-1.85,-1.3202,1.826315,0.05,200,0,279.2
696,-1.8,-1.3207,1.416652,0.05,200,0,279.6
697,9.21,-1.1,2.125752,0.05,100,1,279.8
698,-1.8,-1.099,1.981902,0.05,200,0,280.2
699,-1.725,-1.097,1.375872,0.05,200,0,280.7
700,-1.8,-1.0965,2.016019,0.05,200,0,281.1
701,-1.725,-1.097,1.926972,0.05,200,0,281.6
702,-1.725,-1.0975,2.243292,0.05,200,0,282.1
703,-1.85,-1.1005,1.837638,0.05,200,0,282.6
704,-1.75,-1.0995,1.406203,0.05,200,0,283.1
705,-1.725,-1.101,1.806454,0.05,200,0,283.5
706,9.425,-0.877,1.103525,0.05,81,1,283.6
707,-1.825,-0.876,2.063643,0.05,200,0,284.1
708,-1.75,-0.876,1.601806,0.05,200,0,284.5
709,-1.775,-0.8745,1.978643,0.05,200,0,284.9
710,-1.725,-0.876,1.881329,0.05,200,0,285.3
711,-1.7,-0.873,1.656157,0.05,200,0,285.7
712,-1.775,-0.874,1.730818,0.05,200,0,286.2
713,-1.625,-0.8745,1.931157,0.05,200,0,286.9
714,10.015,-0.6387,1.522409,0.05,12,1,286.9
715,-1.725,-0.6397,1.96836,0.05,200,0,287.3
716,-1.7,-0.6397,2.123616,0.05,200,0,287.8
717,-1.775,-0.6397,1.970174,0.05,200,0,288.3
718,-1.8,-0.6387,2.186423,0.05,200,0,288.7
719,-1.6,-0.6352,2.082176,0.05,200,0,289.1
720,-1.85,-0.6392,1.885893,0.05,200,0,289.5
721,8.73,-0.4291,1.648243,0.05,163,1,289.8
722,-1.875,-0.4316,2.304501,0.05,200,0,290.3
723,-1.775,-0.4316,1.598397,0.05,200,0,290.8
724,-1.775,-0.4321,1.709149,0.05,200,0,291.2
725,-1.7,-0.4306,2.035948,0.05,200,0,291.7
726,-1.675,-0.6545,1.557432,0.05,200,0,292.1
727,-1.975,-0.6585,1.675624,0.05,200,0,292.5
728,-1.625,-0.657,1.950517,0.05,200,0,293.0
729,8.365,-0.4542,2.002145,0.05,192,1,293.4
730,-1.75,-0.4502,1.848273,0.05,200,0,293.8
731,-1.6,-0.4472,2.019067,0.05,200,0,294.2
732,-1.65,-0.4442,1.464821,0.05,200,0,294.6
733,-1.675,-0.4387,1.709221,0.05,200,0,295.0
734,-1.675,-0.4367,1.98026,0.05,200,0,295.5
735,-1.7,-0.4332,1.563126,0.05,200,0,295.9
736,-1.825,-0.4342,1.900388,0.05,200,0,296.3
737,-1.825,-0.4347,1.996347,0.05,200,0,296.8
738,-1.825,-0.4337,1.801612,0.05,200,0,297.2
739,-1.8,-0.4317,1.987141,0.05,200,0,297.8
740,-1.85,-0.4307,1.598123,0.05,200,0,298.2
741,-1.675,-0.4282,2.366241,0.05,200,0,298.6
742,-1.825,-0.4272,2.055659,0.05,200,0,299.1
743,-1.85,-0.4307,2.025967,0.05,200,0,299.5
744,-1.775,-0.6666,1.713614,0.05,200,0,300.0
745,-1.8,-0.6656,2.131821,0.05,200,0,300.5
746,-1.85,-0.6666,2.166732,0.05,200,0,300.9
747,-1.8,-0.8868,1.679417,0.05,200,0,301.3
748,-1.875,-0.8883,2.301491,0.05,200,0,301.8
749,-1.825,-0.8903,1.892842,0.05,200,0,302.2
750,-1.5,-0.8843,2.207766,0.05,200,0,302.6
751,-1.725,-0.8843,2.296941,0.05,200,0,303.0
752,-1.675,-0.8833,2.244909,0.05,200,0,303.4
753,-1.65,-0.8793,2.302142,0.05,200,0,303.8
754,-1.725,-0.8788,2.226902,0.05,200,0,304.2
755,-1.725,-0.8788,2.014514,0.05,200,0,304.6
756,-1.65,-1.1003,2.474448,0.05,200,0,305.0
757,-1.65,-1.0968,2.73331,0.05,200,0,305.5
758,-1.675,-1.0953,2.85597,0.05,200,0,305.9
759,-1.65,-1.0928,3.101762,0.05,200,0,306.3
760,-1.625,-1.0908,2.883663,0.05,200,0,306.7
761,-1.625,-1.0893,3.012685,0.05,200,0,307.1
762,-1.5,-1.0838,3.42545,0.05,200,0,307.5
763,-1.575,-1.0828,2.613947,0.05,200,0,308.0
764,-1.8,-1.3191,2.729166,0.05,200,0,308.4
765,-1.6,-1.3166,3.027112,0.05,200,0,308.8
766,-1.575,-1.3141,3.591984,0.05,200,0,309.2
767,-1.75,-1.3136,2.95325,0.05,200,0,309.7
768,-1.725,-1.3121,3.251247,0.05,200,0,310.1
769,-1.575,-1.3116,3.112473,0.05,200,0,310.5
770,-1.7,-1.3086,3.313125,0.05,200,0,310.9
771,-1.725,-1.5177,3.345386,0.05,200,0,311.3
772,-1.875,-1.5177,3.223103,0.05,200,0,311.7
773,8.97,-1.3028,2.546609,0.05,139,1,312.0
774,-1.7,-1.3013,2.808546,0.05,200,0,312.4
775,-1.75,-1.3023,3.359641,0.05,200,0,312.8
776,-1.75,-1.3038,2.575169,0.05,200,0,313.3
777,-1.725,-1.2988,3.469581,0.05,200,0,313.7
778,9.1,-1.0843,2.709393,0.05,116,1,313.9
779,-1.725,-1.2861,3.450505,0.05,200,0,314.3
780,-1.7,-1.2851,3.32953,0.05,200,0,314.7
781,-1.775,-1.2886,3.928146,0.05,200,0,315.2
782,9.2,-1.0716,4.235542,0.05,116,1,315.4
783,-1.65,-1.0711,3.407084,0.05,200,0,315.8
784,-1.65,-1.0706,4.472949,0.05,200,0,316.3
785,-1.75,-1.0716,3.44984,0.05,200,0,316.7
786,-1.85,-1.0721,3.345265,0.05,200,0,317.1
787,-1.6,-1.0676,3.579533,0.05,200,0,317.5
788,-1.7,-1.0651,3.63073,0.05,200,0,318.0
789,-1.7,-1.0631,3.757062,0.05,200,0,318.4
790,-1.65,-1.0591,3.95911,0.05,200,0,318.8
791,-1.725,-1.0601,4.013717,0.05,200,0,319.2
792,-1.625,-1.0561,4.600711,0.05,200,0,319.6
793,-1.5,-1.0491,4.102413,0.05,200,0,320.0
794,-1.625,-1.0461,3.988156,0.05,200,0,320.4
795,-1.6,-1.0421,4.493948,0.05,200,0,320.9
796,-1.675,-1.0386,3.655397,0.05,200,0,321.3
797,9.54,-0.8118,4.123064,0.05,82,1,321.4
798,-1.6,-0.8063,5.5797,0.05,200,0,321.8
799,-1.725,-0.8043,5.369474,0.05,200,0,322.3
800,-1.575,-0.8058,4.60784,0.05,200,0,322.7
801,-1.675,-0.8048,5.722419,0.05,200,0,323.1
802,-1.775,-0.8068,4.091077,0.05,200,0,323.5
803,-1.7,-0.8078,3.782268,0.05,200,0,324.0
804,-1.625,-0.8058,4.931124,0.05,200,0,324.4
805,-1.825,-0.8078,4.402254,0.05,200,0,324.8
806,-1.675,-0.8083,4.931399,0.05,200,0,325.2
807,-1.725,-0.8098,4.967645,0.05,200,0,325.6
808,-1.725,-0.8108,4.859414,0.05,200,0,326.1
809,-1.65,-0.8108,3.992709,0.05,200,0,326.5
810,-1.95,-0.8173,4.858772,0.05,200,0,326.9
811,-1.7,-0.8188,3.993483,0.05,200,0,327.4
812,-1.525,-0.8193,4.445518,0.05,200,0,327.9
813,8.625,-0.6153,4.907411,0.05,176,1,328.3
814,8.44,-0.4105,4.560506,0.05,182,1,328.7
815,-1.675,-0.412,4.581473,0.05,200,0,329.1
816,-1.675,-0.414,4.30978,0.05,200,0,329.5
817,-1.775,-0.4145,4.241619,0.05,200,0,329.9
818,-1.6,-0.412,4.224188,0.05,200,0,330.3
819,-1.725,-0.415,3.689415,0.05,200,0,330.7
820,8.885,-0.2033,4.000134,0.05,140,1,331.0
821,-1.725,-0.2033,4.479189,0.05,200,0,331.5
822,-1.575,-0.1973,4.923083,0.05,200,0,332.0
823,-1.85,-0.4137,4.080994,0.05,200,0,332.5
824,-1.725,-0.4142,3.588789,0.05,200,0,333.0
825,-1.7,-0.4132,4.106023,0.05,200,0,333.5
826,-1.775,-0.4137,4.055508,0.05,200,0,334.1
827,-1.525,-0.4097,3.628543,0.05,200,0,334.9
828,-1.75,-0.6267,3.657477,0.05,200,0,335.4
829,-1.6,-0.6242,4.161007,0.05,200,0,335.9
830,-1.675,-0.6237,4.643833,0.05,200,0,336.3
831,-1.675,-0.6217,4.776771,0.05,200,0,336.8
832,-1.6,-0.8377,4.877322,0.05,200,0,337.2
833,-1.725,-0.8392,4.774814,0.05,200,0,337.7
834,8.695,-0.6323,4.426696,0.05,164,1,338.0
835,-1.7,-0.6313,3.57092,0.05,200,0,338.5
836,8.98,-0.4147,4.289037,0.05,148,1,338.8
837,-1.825,-0.4192,5.202188,0.05,200,0,339.2
838,-1.45,-0.4142,4.26126,0.05,200,0,339.6
839,9.095,-0.1983,3.867098,0.05,134,1,339.9
840,-1.875,-0.2028,3.988183,0.05,200,0,340.4
841,-1.525,-0.1988,4.330854,0.05,200,0,341.0
842,-1.675,-0.1998,3.994396,0.05,200,0,341.9
843,9.66,0.0234,2.289569,0.05,60,1,342.0
844,-1.675,0.0224,3.802866,0.05,200,0,342.5
845,-1.6,0.0224,3.900488,0.05,200,0,342.9
846,-1.8,0.0199,3.961209,0.05,200,0,343.4
847,-1.7,-0.2049,3.880293,0.05,200,0,343.9
848,-1.775,-0.2084,3.831764,0.05,200,0,344.7
849,-1.725,-0.2084,4.870464,0.05,200,0,345.2
850,-1.55,-0.2079,4.848263,0.05,200,0,345.7
851,-1.75,-0.2094,3.36905,0.05,200,0,346.1
852,-1.6,-0.2059,4.199524,0.05,200,0,346.7
853,-1.6,-0.2039,3.549064,0.05,200,0,347.3
854,-1.725,-0.2059,4.256772,0.05,200,0,347.8
855,-1.8,-0.2054,3.68847,0.05,200,0,348.2
856,-1.825,-0.2084,3.3225,0.05,200,0,348.7
857,-1.85,-0.2109,4.047153,0.05,200,0,349.2
858,-1.725,-0.2109,4.565355,0.05,200,0,349.7
859,-1.875,-0.2154,3.07723,0.05,200,0,350.2
860,-1.65,-0.2094,3.364887,0.05,200,0,350.9
861,9.09,0.0064,4.281727,0.05,132,1,351.2
862,-1.85,-0.0001,4.111323,0.05,200,0,351.7
863,8.86,0.0046,3.998898,0.05,150,1,352.1
864,-1.475,-0.1937,2.971585,0.05,200,0,353.0
865,-1.775,-0.1957,4.35431,0.05,200,0,353.7
866,-1.725,-0.1967,2.791893,0.05,200,0,354.2
867,-1.725,-0.1957,4.252085,0.05,200,0,354.6
868,-1.625,-0.1962,4.082663,0.05,200,0,355.0
869,-1.675,-0.1952,3.848795,0.05,200,0,355.6
870,-1.65,-0.4059,3.587244,0.05,200,0,356.0
871,-1.675,-0.4049,3.690887,0.05,200,0,356.4
872,-1.725,-0.4079,4.328985,0.05,200,0,356.9
873,-1.65,-0.4039,3.411558,0.05,200,0,357.3
874,-1.675,-0.4029,3.133656,0.05,200,0,357.8
875,-1.775,-0.4044,2.873912,0.05,200,0,358.2
876,-1.875,-0.4064,3.446535,0.05,200,0,358.8
877,-1.75,-0.4109,3.170658,0.05,200,0,359.3
878,-1.725,-0.4104,3.595193,0.05,200,0,359.9
879,-1.825,-0.4149,2.945559,0.05,200,0,360.4
880,-1.775,-0.4169,2.772997,0.05,200,0,360.8
881,-1.825,-0.4199,3.959902,0.05,200,0,361.2
882,-1.925,-0.4264,4.211068,0.05,200,0,361.7
883,-1.8,-0.4279,2.83204,0.05,200,0,362.2
884,-1.775,-0.6373,3.982762,0.05,200,0,362.8
885,-1.725,-0.6378,3.776525,0.05,200,0,363.2
886,-1.7,-0.8514,3.741149,0.05,200,0,363.6
887,-1.675,-0.8484,3.977821,0.05,200,0,364.0
888,-1.9,-0.8574,2.747574,0.05,200,0,364.5
889,-1.625,-1.0718,3.546672,0.05,200,0,364.9
890,-1.725,-1.0688,4.647984,0.05,200,0,365.3
891,8.385,-0.8706,3.284334,0.05,185,1,365.9
892,9.805,-0.641,2.431479,0.05,43,1,366.0
893,-1.775,-0.8697,3.165297,0.05,200,0,366.5
894,-1.775,-0.8717,3.918759,0.05,200,0,366.9
895,8.405,-0.6716,3.588873,0.05,198,1,367.4
896,-1.725,-0.6701,3.155398,0.05,200,0,367.8
897,-1.725,-0.6706,2.769098,0.05,200,0,368.2
898,-1.675,-0.6686,3.815819,0.05,200,0,368.6
899,-1.55,-0.6651,3.78984,0.05,200,0,369.0
900,-1.65,-0.6671,3.373198,0.05,200,0,369.4
901,-1.825,-0.6686,3.703654,0.05,200,0,369.9
902,-1.675,-0.6701,3.305556,0.05,200,0,370.3
903,-1.775,-0.6736,3.379239,0.05,200,0,370.7
904,-1.625,-0.6716,3.778408,0.05,200,0,371.1
905,9.935,-0.4369,3.44951,0.05,35,1,371.2
906,-1.75,-0.4354,4.075814,0.05,200,0,371.6
907,-1.85,-0.4354,3.282389,0.05,200,0,372.1
908,-1.85,-0.4379,3.308139,0.05,200,0,372.5
909,-1.775,-0.4359,3.611412,0.05,200,0,372.9
910,-1.75,-0.4379,3.091799,0.05,200,0,373.3
911,-1.825,-0.6562,2.526808,0.05,200,0,373.7
912,-1.775,-0.6547,3.015481,0.05,200,0,374.1
913,-1.675,-0.8654,3.244627,0.05,200,0,374.5
914,-1.925,-0.8744,2.899658,0.05,200,0,374.9
915,-1.825,-0.8754,3.348266,0.05,200,0,375.4
916,-1.675,-0.8744,3.537184,0.05,200,0,375.8
917,-1.925,-0.8784,3.930014,0.05,200,0,376.2
918,-1.95,-0.8849,3.210599,0.05,200,0,376.6
919,-1.775,-0.8869,2.488125,0.05,200,0,377.0
920,-1.8,-0.8899,3.407601,0.05,200,0,377.5
921,-1.95,-0.8954,3.065845,0.05,200,0,377.9
922,-1.9,-0.8989,3.291378,0.05,200,0,378.3
923,-1.6,-0.8979,2.873895,0.05,200,0,378.7
924,-1.625,-0.8969,3.514438,0.05,200,0,379.1
925,-1.725,-0.8959,2.77372,0.05,200,0,379.6
926,-1.825,-0.8949,2.871386,0.05,200,0,380.0
927,-1.75,-0.8949,3.050592,0.05,200,0,380.4
928,-1.925,-0.8989,2.93044,0.05,200,0,380.9
929,-1.675,-0.8959,3.377614,0.05,200,0,381.3
930,8.7,-0.6864,3.589133,0.05,151,1,381.6
931,-1.875,-0.6874,2.516484,0.05,200,0,382.0
932,-1.7,-0.6829,3.245196,0.05,200,0,382.4
933,-1.8,-0.6829,3.069903,0.05,200,0,382.8
934,-1.8,-0.6834,3.384406,0.05,200,0,383.3
935,-1.775,-0.6844,2.688903,0.05,200,0,383.7
936,-1.65,-0.6834,3.380716,0.05,200,0,384.1
937,-1.675,-0.6834,3.243586,0.05,200,0,384.5
938,-1.775,-0.6809,3.065501,0.05,200,0,384.9
939,-1.675,-0.6819,3.649563,0.05,200,0,385.3
940,-1.675,-0.6809,2.489173,0.05,200,0,385.7
941,-1.75,-0.8836,3.109391,0.05,200,0,386.2
942,-1.8,-1.1157,3.017189,0.05,200,0,386.6
943,-1.875,-1.1177,3.479022,0.05,200,0,387.0
944,-1.675,-1.1157,3.501888,0.05,200,0,387.4
945,-1.85,-1.3208,3.491221,0.05,200,0,387.8
946,-1.75,-1.3213,3.354266,0.05,200,0,388.2
947,9.955,-1.0877,6.73854,0.05,18,1,388.3
948,-1.8,-1.0902,3.360178,0.05,200,0,388.7
949,-1.8,-1.0952,2.543612,0.05,200,0,389.1
950,-1.775,-1.0977,3.8465,0.05,200,0,389.5
951,-1.575,-1.0927,3.631227,0.05,200,0,390.0
952,-1.6,-1.0912,3.826833,0.05,200,0,390.4
953,-1.575,-1.0872,4.518655,0.05,200,0,390.8
954,-1.9,-1.0927,3.714481,0.05,200,0,391.2
955,-1.8,-1.3274,3.0208,0.05,200,0,391.7
956,-1.7,-1.3264,4.388289,0.05,200,0,392.1
957,-1.625,-1.3219,3.336896,0.05,200,0,392.5
958,9.795,-1.089,2.251915,0.05,54,1,392.6
959,-1.625,-1.086,4.207777,0.05,200,0,393.1
960,-1.725,-1.0855,3.770501,0.05,200,0,393.6
961,8.44,-0.8802,3.735871,0.05,182,1,394.1
962,-1.6,-0.8767,2.952385,0.05,200,0,394.6
963,-1.65,-0.8762,4.509769,0.05,200,0,395.1
964,-1.6,-0.8697,4.20174,0.05,200,0,395.5
965,8.42,-0.6648,2.927707,0.05,189,1,396.0
966,-1.725,-0.6658,4.430719,0.05,200,0,396.4
967,-1.8,-0.6633,3.381561,0.05,200,0,396.8
968,-1.7,-0.6583,3.833347,0.05,200,0,397.2
969,9.625,-0.4303,4.145702,0.05,71,1,397.4
970,-1.725,-0.4288,4.671898,0.05,200,0,397.8
971,-1.675,-0.4233,3.663336,0.05,200,0,398.2
972,-1.725,-0.4198,4.062443,0.05,200,0,398.6
973,-1.625,-0.4203,4.511889,0.05,200,0,399.0
974,-1.625,-0.4203,4.633156,0.05,200,0,399.5
975,-1.625,-0.4183,4.839788,0.05,200,0,399.9
976,-1.725,-0.4163,4.331668,0.05,200,0,400.3
977,8.94,-0.2025,5.459081,0.05,132,1,400.6
978,-1.625,-0.1965,4.106886,0.05,200,0,401.0
979,-1.75,-0.198,3.978891,0.05,200,0,401.5
980,-1.75,-0.407,4.031716,0.05,200,0,401.9
981,8.44,-0.2007,4.116422,0.05,192,1,402.3
982,-1.675,-0.2002,3.670044,0.05,200,0,402.8
983,-1.85,-0.2012,3.508894,0.05,200,0,403.2
984,-1.775,-0.2007,3.687547,0.05,200,0,403.7
985,-1.7,-0.1992,4.188304,0.05,200,0,404.1
986,-1.75,-0.2012,4.357594,0.05,200,0,404.5
987,-1.725,-0.2022,4.568917,0.05,200,0,404.9
988,-1.8,-0.2027,3.393077,0.05,200,0,405.3
989,-1.825,-0.2057,3.156026,0.05,200,0,405.7
990,-1.75,-0.2072,4.133873,0.05,200,0,406.1
991,-1.775,-0.2077,5.037964,0.05,200,0,406.6
992,-1.775,-0.2072,3.995511,0.05,200,0,407.0
993,-1.6,-0.2017,4.66017,0.05,200,0,407.5
994,8.82,0.0082,4.544209,0.05,159,1,407.8
995,-1.8,0.0092,4.119743,0.05,200,0,408.3
996,-1.725,0.0097,3.449787,0.05,200,0,408.7
997,-1.8,-0.2254,3.218884,0.05,200,0,409.1
998,-1.725,-0.2239,4.424026,0.05,200,0,409.5
999,-1.675,-0.2214,3.256447,0.05,200,0,409.9
1000,-1.725,-0.2204,4.235551,0.05,200,0,410.3
1001,9.46,0.0003,4.421245,0.05,85,1,410.5
1002,-1.75,-0.0027,3.597299,0.05,200,0,411.0
1003,-1.775,-0.0067,4.001714,0.05,200,0,411.5
1004,-1.775,-0.0042,3.357323,0.05,200,0,412.1
1005,-1.8,-0.0042,4.219022,0.05,200,0,412.7
1006,-1.8,-0.0062,3.788763,0.05,200,0,413.1
1007,-1.925,-0.0122,3.349955,0.05,200,0,413.6
1008,-1.675,-0.2416,4.058688,0.05,200,0,414.0
1009,-1.8,-0.2451,4.747648,0.05,200,0,414.4
1010,-1.8,-0.2466,4.958359,0.05,200,0,414.8
1011,-1.75,-0.4504,4.651369,0.05,200,0,415.3
1012,10.015,-0.2181,7.174508,0.05,12,1,415.3
1013,-1.825,-0.2216,3.372692,0.05,200,0,415.7
1014,-1.625,-0.2221,3.362117,0.05,200,0,416.2
1015,-1.75,-0.4255,4.702478,0.05,200,0,416.6
1016,-1.575,-0.4225,4.056786,0.05,200,0,417.0
1017,-1.8,-0.4225,3.931079,0.05,200,0,417.5
1018,-1.825,-0.425,4.391671,0.05,200,0,417.9
1019,-1.875,-0.655,3.808815,0.05,200,0,418.3
1020,-1.675,-0.654,4.37284,0.05,200,0,418.7
1021,-1.675,-0.654,4.090719,0.05,200,0,419.1
1022,8.78,-0.4439,4.912234,0.05,153,1,419.4
1023,-1.7,-0.4454,2.926622,0.05,200,0,419.9
1024,-1.775,-0.4484,4.672069,0.05,200,0,420.3
1025,-1.85,-0.4529,4.103517,0.05,200,0,420.8
1026,-1.65,-0.4514,4.395246,0.05,200,0,421.3
1027,-1.65,-0.6632,4.547318,0.05,200,0,421.7
1028,-1.725,-0.6652,3.368532,0.05,200,0,422.1
1029,-1.625,-0.6627,4.559563,0.05,200,0,422.5
1030,-1.7,-0.6617,3.946523,0.05,200,0,423.0
1031,-1.6,-0.8625,4.316674,0.05,200,0,423.4
1032,-1.625,-0.8615,4.120675,0.05,200,0,423.9
1033,-1.8,-0.8605,4.770683,0.05,200,0,424.4
1034,-1.75,-0.86,3.863336,0.05,200,0,425.1
1035,-1.75,-0.861,3.764891,0.05,200,0,425.5
1036,-1.775,-0.8615,3.510779,0.05,200,0,425.9
1037,-1.825,-0.8635,4.417925,0.05,200,0,426.3
1038,-1.725,-0.862,3.06491,0.05,200,0,426.8
1039,-1.75,-0.8605,4.147745,0.05,200,0,427.2
1040,-1.8,-0.8615,4.480554,0.05,200,0,427.6
1041,-1.775,-0.8615,2.872202,0.05,200,0,428.0
1042,9.16,-0.6428,4.915606,0.05,105,1,428.3
1043,-1.775,-0.6463,3.185689,0.05,200,0,428.8
1044,-1.725,-0.8572,2.787241,0.05,200,0,429.3
1045,-1.7,-0.8552,3.443221,0.05,200,0,429.8
1046,-1.825,-0.8572,3.912969,0.05,200,0,430.3
1047,-1.8,-0.8572,3.447133,0.05,200,0,430.8
1048,-1.75,-0.8577,4.802427,0.05,200,0,431.3
1049,-1.875,-0.8617,4.134883,0.05,200,0,432.0
1050,-1.775,-0.8627,3.668426,0.05,200,0,432.5
1051,-1.775,-1.0874,3.675484,0.05,200,0,432.9
1052,-1.875,-1.0899,3.83369,0.05,200,0,433.4
1053,-1.8,-1.0904,3.239577,0.05,200,0,433.8
1054,-1.675,-1.0884,2.940956,0.05,200,0,434.3
1055,-1.825,-1.0889,4.044032,0.05,200,0,434.7
1056,8.815,-0.8766,3.946129,0.05,152,1,435.1
1057,-1.625,-0.8706,3.93362,0.05,200,0,435.6
1058,-1.6,-0.8691,3.789196,0.05,200,0,436.0
1059,-1.6,-0.8651,4.42422,0.05,200,0,436.7
1060,-1.675,-0.8626,3.913568,0.05,200,0,437.3
1061,-1.55,-0.8586,3.235038,0.05,200,0,437.8
1062,-1.625,-1.0914,3.283074,0.05,200,0,438.3
1063,9.79,-0.8591,3.177208,0.05,42,1,438.4
1064,-1.825,-0.8631,3.365952,0.05,200,0,439.1
1065,-1.9,-0.8661,2.915816,0.05,200,0,439.6
1066,-1.7,-0.8686,4.293295,0.05,200,0,440.1
1067,-1.7,-0.8666,3.812304,0.05,200,0,440.5
1068,-1.9,-0.8681,3.416398,0.05,200,0,440.9
1069,-1.95,-0.8696,3.902285,0.05,200,0,441.4
1070,-1.75,-0.8711,4.158161,0.05,200,0,441.8
1071,-1.65,-0.8706,3.860309,0.05,200,0,442.2
1072,-1.7,-1.0802,2.633181,0.05,200,0,442.6
1073,-1.825,-1.0827,3.631291,0.05,200,0,443.0
1074,-1.775,-1.0827,3.131077,0.05,200,0,443.5
1075,-1.8,-1.0817,4.207412,0.05,200,0,443.9
1076,-1.85,-1.0857,3.636673,0.05,200,0,444.3
1077,-1.825,-1.0892,3.958091,0.05,200,0,444.7
1078,-1.9,-1.0927,2.679169,0.05,200,0,445.2
1079,-1.975,-1.0997,4.334816,0.05,200,0,445.6
1080,-1.675,-1.0992,3.601952,0.05,200,0,446.0
1081,-1.75,-1.1022,3.415278,0.05,200,0,446.4
1082,-1.875,-1.1072,3.469594,0.05,200,0,446.9
1083,-1.625,-1.1037,3.87021,0.05,200,0,447.3
1084,-1.85,-1.1057,3.693155,0.05,200,0,447.7
1085,-1.75,-1.1057,3.320001,0.05,200,0,448.2
1086,-1.725,-1.1047,3.691893,0.05,200,0,448.6
1087,-1.725,-1.1027,2.990685,0.05,200,0,449.1
1088,-1.65,-1.1012,2.645971,0.05,200,0,449.5
1089,-1.7,-1.1002,3.314125,0.05,200,0,449.9
1090,-1.475,-1.0937,3.49834,0.05,200,0,450.3
1091,-1.675,-1.0917,3.591941,0.05,200,0,450.7
1092,-1.65,-1.3079,3.024136,0.05,200,0,451.1
1093,-1.55,-1.3034,3.677493,0.05,200,0,451.5
1094,-1.6,-1.3009,3.10603,0.05,200,0,452.0
1095,-1.6,-1.2989,4.540711,0.05,200,0,452.4
1096,-1.525,-1.2929,4.337754,0.05,200,0,452.8
1097,-1.6,-1.2889,4.476764,0.05,200,0,453.3
1098,-1.7,-1.2879,3.671429,0.05,200,0,453.7
1099,-1.625,-1.2829,3.81402,0.05,200,0,454.1
1100,-1.6,-1.2794,4.492228,0.05,200,0,454.5
1101,8.49,-1.0741,4.062673,0.05,197,1,454.9
1102,-1.575,-1.0681,3.771355,0.05,200,0,455.3
1103,-1.55,-1.0631,3.751628,0.05,200,0,455.8
1104,-1.725,-1.0641,3.183361,0.05,200,0,456.2
1105,9.88,-0.83,2.987607,0.05,43,1,456.3
1106,-1.55,-1.0373,4.534327,0.05,200,0,456.7
1107,-1.625,-1.0373,3.488961,0.05,200,0,457.1
1108,-1.6,-1.0373,3.23585,0.05,200,0,457.5
1109,-1.625,-1.0378,3.887261,0.05,200,0,457.9
1110,8.835,-0.8276,4.327686,0.05,140,1,458.2
1111,-1.825,-0.8331,3.851214,0.05,200,0,458.6
1112,9.005,-0.6205,3.920073,0.05,123,1,458.9
1113,-1.675,-0.8498,3.833535,0.05,200,0,459.3
1114,-1.725,-0.8478,3.264854,0.05,200,0,459.8
1115,-1.675,-0.8433,3.210575,0.05,200,0,460.2
1116,-1.75,-0.8443,3.666877,0.05,200,0,460.7
1117,-1.75,-0.8453,3.420966,0.05,200,0,461.2
1118,9.61,-0.6151,3.97528,0.05,65,1,461.3
1119,-1.7,-0.6101,3.053508,0.05,200,0,461.8
1120,-1.7,-0.6091,3.009331,0.05,200,0,462.3
1121,-1.65,-0.6091,3.142739,0.05,200,0,462.7
1122,-1.825,-0.6116,3.634951,0.05,200,0,463.2
1123,-1.725,-0.6096,3.925238,0.05,200,0,463.7
1124,-1.825,-0.6106,3.971625,0.05,200,0,464.2
1125,-1.725,-0.6091,3.670823,0.05,200,0,464.9
1126,-1.95,-0.6111,3.251653,0.05,200,0,465.4
1127,-1.75,-0.6096,3.957664,0.05,200,0,465.9
1128,-1.75,-0.6066,3.327034,0.05,200,0,466.3
1129,8.53,-0.3965,3.101614,0.05,173,1,466.9
1130,-1.8,-0.399,3.308089,0.05,200,0,467.4
1131,-1.8,-0.4,4.116792,0.05,200,0,467.9
1132,-1.75,-0.3975,3.14267,0.05,200,0,468.4
1133,-1.725,-0.3995,3.888348,0.05,200,0,468.9
1134,-1.725,-0.397,3.189666,0.05,200,0,469.3
1135,-1.825,-0.3985,2.668329,0.05,200,0,469.8
1136,-1.825,-0.4005,3.149976,0.05,200,0,470.3
1137,-1.825,-0.4025,3.322296,0.05,200,0,470.8
1138,-1.825,-0.406,3.227376,0.05,200,0,471.2
1139,-1.8,-0.408,2.424966,0.05,200,0,471.7
1140,-1.925,-0.417,3.68304,0.05,200,0,472.1
1141,-1.85,-0.4205,3.863224,0.05,200,0,472.6
1142,-1.775,-0.423,2.908651,0.05,200,0,473.0
1143,-1.8,-0.428,3.052449,0.05,200,0,473.5
1144,-1.75,-0.431,3.415429,0.05,200,0,474.0
1145,-1.825,-0.4355,3.197069,0.05,200,0,474.4
1146,-1.825,-0.4415,3.407561,0.05,200,0,474.9
1147,-1.8,-0.4455,3.280401,0.05,200,0,475.4
1148,-1.75,-0.4465,3.340874,0.05,200,0,475.8
1149,-1.9,-0.452,3.176507,0.05,200,0,476.3
1150,-1.875,-0.4575,3.91271,0.05,200,0,476.8
1151,-1.7,-0.6613,3.246993,0.05,200,0,477.3
1152,-1.825,-0.6663,3.044573,0.05,200,0,477.8
1153,-1.55,-0.6663,3.234529,0.05,200,0,478.3
1154,-1.7,-0.6658,2.780279,0.05,200,0,478.8
1155,-1.775,-0.8989,2.859369,0.05,200,0,479.3
1156,-1.65,-0.9009,3.439251,0.05,200,0,479.8
1157,-1.875,-0.9059,2.760879,0.05,200,0,480.3
1158,-1.625,-0.9064,3.000516,0.05,200,0,480.8
1159,-1.7,-0.9079,3.362315,0.05,200,0,481.3
1160,-1.7,-1.1186,3.797739,0.05,200,0,481.8
1161,-1.525,-1.1126,2.59475,0.05,200,0,482.2
1162,-1.6,-1.3247,3.250722,0.05,200,0,482.7
1163,9.455,-1.1021,3.01049,0.05,88,1,482.9
1164,-1.675,-1.1011,2.949288,0.05,200,0,483.4
1165,8.86,-0.8904,2.732342,0.05,140,1,483.7
1166,-1.675,-0.8889,2.345539,0.05,200,0,484.2
1167,-1.725,-0.8884,2.856926,0.05,200,0,484.7
1168,-1.75,-1.1156,3.801604,0.05,200,0,485.2
1169,-1.75,-1.1166,3.805376,0.05,200,0,485.7
1170,-1.775,-1.1181,3.686841,0.05,200,0,486.2
1171,-1.625,-1.1176,3.065158,0.05,200,0,486.7
1172,-1.725,-1.1156,3.676815,0.05,200,0,487.1
1173,-1.775,-1.1166,2.821425,0.05,200,0,487.6
1174,-1.825,-1.1166,2.85568,0.05,200,0,488.2
1175,-1.75,-1.1171,3.128972,0.05,200,0,488.8
1176,-1.75,-1.1131,2.973254,0.05,200,0,489.3
1177,-1.8,-1.1141,2.941058,0.05,200,0,489.9
1178,-1.8,-1.1151,3.044971,0.05,200,0,490.4
1179,-1.75,-1.3207,3.015477,0.05,200,0,490.8
1180,-1.8,-1.3207,3.273045,0.05,200,0,491.3
1181,-1.8,-1.3207,2.704305,0.05,200,0,491.7
1182,-1.875,-1.3232,2.283465,0.05,200,0,492.2
1183,-1.725,-1.3232,3.501532,0.05,200,0,492.7
1184,-1.85,-1.3257,3.13104,0.05,200,0,493.1
1185,-1.8,-1.3252,3.208865,0.05,200,0,493.6
1186,-1.7,-1.3227,3.295455,0.05,200,0,494.1
1187,-1.7,-1.3202,3.698785,0.05,200,0,494.6
1188,-1.775,-1.3192,3.028181,0.05,200,0,495.0
1189,9.68,-1.0896,3.518567,0.05,63,1,495.2
1190,-1.675,-1.0846,3.273452,0.05,200,0,495.7
1191,-1.8,-1.0836,2.520306,0.05,200,0,496.2
1192,-1.85,-1.0851,2.722666,0.05,200,0,496.7
1193,-1.725,-1.0836,2.809404,0.05,200,0,497.3
1194,-1.675,-1.0821,3.347081,0.05,200,0,497.9
1195,-1.65,-1.0786,3.244521,0.05,200,0,498.3
1196,-1.775,-1.0776,3.06363,0.05,200,0,498.8
1197,-1.8,-1.0776,3.431216,0.05,200,0,499.3
1198,-1.85,-1.0796,2.978915,0.05,200,0,499.9
1199,-1.875,-1.0791,2.772837,0.05,200,0,500.4
1200,-1.875,-1.0791,2.786425,0.05,200,0,500.9
1201,-1.8,-1.0811,2.377292,0.05,200,0,501.4
1202,-1.7,-1.0786,2.76865,0.05,200,0,501.9
1203,-1.575,-1.0791,2.962371,0.05,200,0,502.4
1204,-1.675,-1.0786,2.653916,0.05,200,0,502.9
1205,8.845,-0.8662,2.673901,0.05,134,1,503.2
1206,-1.55,-0.8642,3.243049,0.05,200,0,503.7
1207,-1.625,-0.8592,2.864574,0.05,200,0,504.2
1208,-1.85,-0.8637,3.138719,0.05,200,0,504.8
1209,-1.6,-0.8617,3.619814,0.05,200,0,505.3
1210,-1.6,-0.8597,3.182366,0.05,200,0,505.7
1211,-1.7,-0.8632,3.796533,0.05,200,0,506.2
1212,-1.725,-0.8657,2.704385,0.05,200,0,506.7
1213,9.435,-0.8661,2.392568,0.05,75,1,506.9
1214,-1.9,-0.8706,2.938496,0.05,200,0,507.3
1215,-1.775,-1.0833,3.058498,0.05,200,0,507.8
1216,-1.9,-1.0878,2.592385,0.05,200,0,508.3
1217,-1.825,-1.0898,2.622702,0.05,200,0,508.8
1218,-1.7,-1.0888,3.477462,0.05,200,0,509.3
1219,-1.8,-1.0898,3.079666,0.05,200,0,509.8
1220,-1.75,-1.0893,2.640545,0.05,200,0,510.3
1221,-1.825,-1.0933,3.129807,0.05,200,0,510.7
1222,9.93,-0.8602,2.211283,0.05,38,1,510.8
1223,-1.8,-0.8607,3.119697,0.05,200,0,511.3
1224,-1.775,-0.8597,3.723154,0.05,200,0,511.9
1225,-1.65,-0.8577,2.826532,0.05,200,0,512.4
1226,-1.925,-0.8612,3.356183,0.05,200,0,512.8
1227,-1.875,-0.8627,3.097649,0.05,200,0,513.3
1228,-1.8,-0.8627,2.453123,0.05,200,0,513.8
1229,-1.75,-0.8627,3.452363,0.05,200,0,514.3
1230,-1.775,-0.8622,3.156459,0.05,200,0,514.8
1231,-1.6,-0.8582,3.72637,0.05,200,0,515.3
1232,-1.55,-0.8517,3.645425,0.05,200,0,515.8
1233,-1.725,-0.8517,2.61398,0.05,200,0,516.3
1234,-1.675,-0.8482,2.903388,0.05,200,0,516.8
1235,-1.575,-0.8437,3.607056,0.05,200,0,517.3
1236,9.315,-0.6234,2.140533,0.05,112,1,517.6
1237,-1.65,-0.6224,3.130475,0.05,200,0,518.1
1238,-1.625,-0.6194,3.158119,0.05,200,0,518.7
1239,-1.875,-0.8505,2.978485,0.05,200,0,519.3
1240,-1.825,-0.8535,3.482731,0.05,200,0,519.8
1241,-1.575,-0.849,2.418568,0.05,200,0,520.6
1242,-1.825,-0.8485,3.165334,0.05,200,0,521.2
1243,-1.55,-0.845,2.803561,0.05,200,0,521.8
1244,-1.725,-0.846,3.803537,0.05,200,0,522.3
1245,-1.6,-0.845,3.689326,0.05,200,0,522.8
1246,-1.8,-0.8455,3.248308,0.05,200,0,523.4
1247,9.015,-0.6292,4.093228,0.05,137,1,523.8
1248,9.705,-0.3981,3.023566,0.05,53,1,523.9
1249,-1.6,-0.3926,2.805897,0.05,200,0,524.4
1250,-1.75,-0.3901,3.202076,0.05,200,0,524.9
1251,-1.575,-0.3856,2.828982,0.05,200,0,525.5
1252,-1.5,-0.3816,3.027262,0.05,200,0,526.0
1253,-1.575,-0.3816,2.936921,0.05,200,0,526.6
1254,8.735,-0.1734,4.013071,0.05,155,1,527.0
1255,-1.575,-0.3818,2.940869,0.05,200,0,527.5
1256,-1.55,-0.3818,3.337067,0.05,200,0,528.0
1257,-1.775,-0.3848,4.090261,0.05,200,0,528.5
1258,-1.6,-0.3798,3.527008,0.05,200,0,529.0
1259,-1.525,-0.3783,3.330457,0.05,200,0,529.5
1260,-1.6,-0.3783,3.364178,0.05,200,0,530.0
1261,-1.75,-0.3793,3.752745,0.05,200,0,530.6
1262,-1.575,-0.3763,2.988272,0.05,200,0,531.1
1263,8.705,-0.3909,3.48782,0.05,168,1,531.5
1264,-1.575,-0.3844,4.666036,0.05,200,0,532.0
1265,-1.525,-0.3794,3.151602,0.05,200,0,532.6
1266,-1.6,-0.3734,3.642948,0.05,200,0,533.1
1267,-1.65,-0.3699,3.13111,0.05,200,0,533.6
1268,-1.6,-0.3679,3.202723,0.05,200,0,534.1
1269,-1.675,-0.3654,3.338089,0.05,200,0,534.6
1270,-1.65,-0.3634,4.139338,0.05,200,0,535.1
1271,-1.65,-0.3599,3.565584,0.05,200,0,535.5
1272,-1.775,-0.594,3.352911,0.05,200,0,536.0
1273,-1.775,-0.5935,3.522641,0.05,200,0,536.5
1274,-1.75,-0.593,3.81507,0.05,200,0,537.0
1275,-1.725,-0.5945,4.489208,0.05,200,0,537.4
1276,-1.75,-0.591,3.580613,0.05,200,0,537.9
1277,-1.75,-0.5885,2.723777,0.05,200,0,538.4
1278,-1.725,-0.587,2.744439,0.05,200,0,538.9
1279,-1.65,-0.585,4.338407,0.05,200,0,539.3
1280,-1.675,-0.583,2.624327,0.05,200,0,539.8
1281,-1.775,-0.5865,4.034711,0.05,200,0,540.3
1282,-1.9,-0.5935,3.032843,0.05,200,0,540.8
1283,-1.85,-0.596,3.390807,0.05,200,0,541.2
1284,-1.725,-0.597,3.82005,0.05,200,0,541.7
1285,-1.775,-0.601,3.569849,0.05,200,0,542.1
1286,9.43,-0.5987,2.908074,0.05,78,1,542.3
1287,-1.7,-0.5997,3.175491,0.05,200,0,542.8
1288,-1.75,-0.6022,3.381053,0.05,200,0,543.3
1289,-1.8,-0.6007,3.917406,0.05,200,0,543.8
1290,-1.675,-0.5977,2.989445,0.05,200,0,544.2
1291,-1.8,-0.6022,3.742249,0.05,200,0,544.8
1292,-1.85,-0.6027,3.601357,0.05,200,0,545.2
1293,-1.85,-0.6087,3.655318,0.05,200,0,545.7
1294,-1.7,-0.6082,3.393774,0.05,200,0,546.2
1295,-1.725,-0.6107,2.93096,0.05,200,0,546.7
1296,-1.875,-0.6122,3.845997,0.05,200,0,547.2
1297,-1.8,-0.8285,2.843689,0.05,200,0,547.7
1298,-1.75,-1.0576,2.855901,0.05,200,0,548.2
1299,-1.75,-1.0606,3.676029,0.05,200,0,548.7
1300,-1.625,-1.0581,3.269484,0.05,200,0,549.1
1301,-1.7,-1.0606,3.77407,0.05,200,0,549.6
1302,-1.675,-1.0641,3.995712,0.05,200,0,550.1
1303,-1.725,-1.0671,3.83812,0.05,200,0,550.6
1304,-1.7,-1.2758,4.337299,0.05,200,0,551.0
1305,-1.8,-1.2803,3.630203,0.05,200,0,551.5
1306,-1.725,-1.2838,2.953289,0.05,200,0,552.0
1307,-1.7,-1.2823,3.874191,0.05,200,0,552.5
1308,-1.725,-1.2848,3.490747,0.05,200,0,552.9
1309,-1.75,-1.2893,4.473452,0.05,200,0,553.4
1310,-1.75,-1.2923,3.763382,0.05,200,0,553.9
1311,-1.675,-1.2908,3.079026,0.05,200,0,554.4
1312,-1.65,-1.2923,3.618286,0.05,200,0,554.9
1313,9.705,-1.2723,2.967365,0.05,63,1,555.0
1314,-1.675,-1.2743,2.970659,0.05,200,0,555.5
1315,-1.675,-1.2773,3.848259,0.05,200,0,556.0
1316,-1.7,-1.2793,3.466084,0.05,200,0,556.5
1317,-1.7,-1.2803,3.60441,0.05,200,0,557.0
1318,-1.7,-1.2823,4.108046,0.05,200,0,557.5
1319,9.39,-1.061,5.364929,0.05,87,1,557.7
1320,9.865,-0.8307,2.860645,0.05,52,1,557.8
1321,-1.675,-0.8312,4.477104,0.05,200,0,558.3
1322,9.23,-0.6111,4.962417,0.05,108,1,558.5
1323,-1.75,-0.6106,3.191532,0.05,200,0,559.0
1324,-1.7,-0.6096,3.091856,0.05,200,0,559.5
1325,-1.65,-0.6081,2.838123,0.05,200,0,559.9
1326,-1.65,-0.6061,3.976842,0.05,200,0,560.4
1327,-1.875,-0.6086,4.075363,0.05,200,0,560.8
1328,-1.6,-0.6061,3.127577,0.05,200,0,561.3
1329,-1.8,-0.6091,3.684608,0.05,200,0,561.8
1330,-1.725,-0.6101,3.236896,0.05,200,0,562.2
1331,-1.75,-0.6096,3.335803,0.05,200,0,562.7
1332,-1.675,-0.6051,3.426634,0.05,200,0,563.2
1333,-1.625,-0.6006,3.926728,0.05,200,0,563.7
1334,8.205,-0.402,2.830874,0.05,198,1,564.2
1335,-1.775,-0.402,3.620766,0.05,200,0,564.7
1336,8.515,-0.4203,3.35496,0.05,177,1,565.1
1337,-1.675,-0.4198,3.401265,0.05,200,0,565.6
1338,9.715,-0.1905,3.957368,0.05,52,1,565.7
1339,-1.625,-0.187,3.95196,0.05,200,0,566.2
1340,-1.75,-0.1885,2.927857,0.05,200,0,566.7
1341,-1.8,-0.1885,3.005301,0.05,200,0,567.2
1342,-1.725,-0.186,2.565147,0.05,200,0,567.7
1343,-1.8,-0.185,2.840944,0.05,200,0,568.1
1344,-1.725,-0.1855,3.868104,0.05,200,0,568.6
1345,-1.725,-0.1855,3.5744,0.05,200,0,569.1
1346,9.96,0.0512,2.833331,0.05,20,1,569.2
1347,-1.775,0.0517,3.453167,0.05,200,0,569.8
1348,9.115,0.269,3.719738,0.05,107,1,570.0
1349,-1.8,0.268,3.749652,0.05,200,0,570.5
1350,-1.65,0.2675,2.61376,0.05,200,0,571.1
1351,-1.8,0.2655,2.685397,0.05,200,0,571.6
1352,-1.825,0.2625,2.689906,0.05,200,0,572.2
1353,-1.925,0.2585,3.490947,0.05,200,0,572.9
1354,-1.85,0.2555,3.10233,0.05,200,0,573.4
1355,-1.825,0.255,3.199785,0.05,200,0,573.9
1356,-1.9,0.2515,2.908549,0.05,200,0,574.4
1357,-1.725,0.251,3.520078,0.05,200,0,574.8
1358,-1.875,0.248,2.919999,0.05,200,0,575.4
1359,-1.775,0.2475,3.106668,0.05,200,0,576.0
1360,-1.8,0.2465,4.701667,0.05,200,0,576.5
1361,-1.725,0.2455,3.694896,0.05,200,0,577.0
1362,-1.8,0.2425,3.818174,0.05,200,0,577.5
1363,-1.65,0.0154,3.029162,0.05,200,0,577.9
1364,-1.825,0.0124,3.30595,0.05,200,0,578.4
1365,-1.8,0.0099,3.442993,0.05,200,0,578.9
1366,8.5,0.2139,3.328848,0.05,176,1,579.3
1367,-1.75,0.2129,3.662631,0.05,200,0,579.7
1368,-1.775,0.2114,3.403983,0.05,200,0,580.2
1369,-1.8,-0.0124,2.609542,0.05,200,0,580.7
1370,-1.8,-0.2457,3.864818,0.05,200,0,581.2
1371,-1.8,-0.2482,3.736166,0.05,200,0,581.6
1372,-1.775,-0.4683,4.143183,0.05,200,0,582.1
1373,-1.775,-0.4688,3.042144,0.05,200,0,582.5
1374,-1.85,-0.4718,3.521308,0.05,200,0,583.0
1375,-1.825,-0.4753,2.682302,0.05,200,0,583.4
1376,-1.7,-0.4763,3.364592,0.05,200,0,583.9
1377,-1.875,-0.4763,4.002939,0.05,200,0,584.3
1378,-1.675,-0.4778,3.530562,0.05,200,0,584.8
1379,-1.7,-0.4758,4.274545,0.05,200,0,585.3
1380,-1.95,-0.4803,4.136692,0.05,200,0,585.7
1381,-1.7,-0.4793,3.521928,0.05,200,0,586.2
1382,-1.675,-0.4793,4.679506,0.05,200,0,586.8
1383,8.665,-0.2735,4.129862,0.05,172,1,587.2
1384,-1.65,-0.4706,4.841565,0.05,200,0,587.7
1385,-1.8,-0.4711,4.741886,0.05,200,0,588.1
1386,-1.7,-0.6754,4.697695,0.05,200,0,588.6
1387,-1.775,-0.6774,4.187762,0.05,200,0,589.1
1388,-1.775,-0.9072,3.187358,0.05,200,0,589.6
1389,-1.825,-0.9112,5.112299,0.05,200,0,590.1
1390,-1.6,-0.9082,4.819989,0.05,200,0,590.8
1391,-1.725,-0.9067,4.37103,0.05,200,0,591.3
1392,-1.625,-0.9047,4.051456,0.05,200,0,592.0
1393,-1.75,-0.9037,4.257267,0.05,200,0,592.5
1394,-1.675,-0.9027,4.009132,0.05,200,0,593.0
1395,-1.625,-0.9007,4.898355,0.05,200,0,593.6
1396,-1.7,-1.1339,4.661438,0.05,200,0,594.1
1397,-1.725,-1.1329,4.579937,0.05,200,0,594.6
1398,-1.7,-1.3492,4.623355,0.05,200,0,595.0
1399,-1.75,-1.3482,5.697151,0.05,200,0,595.5
1400,-1.775,-1.3507,5.273015,0.05,200,0,596.0
1401,-1.75,-1.3497,5.382329,0.05,200,0,596.5
1402,-1.65,-1.3462,4.636291,0.05,200,0,597.0
1403,-1.825,-1.3442,5.306931,0.05,200,0,597.6
1404,-1.6,-1.3392,4.922804,0.05,200,0,598.1
1405,-1.75,-1.3377,4.403531,0.05,200,0,598.6
1406,-1.75,-1.3347,4.466684,0.05,200,0,599.1
1407,-1.775,-1.3357,4.452237,0.05,200,0,599.6
1408,-1.8,-1.3342,4.303142,0.05,200,0,600.1
1409,-1.725,-1.3332,5.117787,0.05,200,0,600.6
1410,-1.7,-1.3312,5.710806,0.05,200,0,601.0
1411,-1.775,-1.3322,5.61297,0.05,200,0,601.5
1412,9.68,-1.1026,5.983085,0.05,58,1,601.7
1413,-1.7,-1.1036,4.723677,0.05,200,0,602.1
1414,-1.7,-1.1011,4.785869,0.05,200,0,602.6
1415,-1.675,-1.0986,4.666754,0.05,200,0,603.1
1416,-1.8,-1.3046,5.575819,0.05,200,0,603.6
1417,-1.825,-1.3061,4.525138,0.05,200,0,604.1
1418,-1.75,-1.3056,4.404887,0.05,200,0,604.6
1419,-1.9,-1.3076,4.22832,0.05,200,0,605.1
1420,-1.675,-1.3051,4.552901,0.05,200,0,605.5
1421,-1.95,-1.3081,5.274656,0.05,200,0,606.0
1422,-1.675,-1.3061,4.31331,0.05,200,0,606.5
1423,-1.725,-1.3051,5.235098,0.05,200,0,607.0
1424,-1.875,-1.3056,4.862088,0.05,200,0,607.5
1425,-1.7,-1.3031,5.176682,0.05,200,0,608.0
1426,-1.875,-1.3066,5.728715,0.05,200,0,608.4
1427,-1.65,-1.3021,5.157051,0.05,200,0,608.9
1428,-1.85,-1.3056,4.207037,0.05,200,0,609.4
1429,-1.7,-1.3056,4.433636,0.05,200,0,609.9
1430,-1.8,-1.3026,4.479141,0.05,200,0,610.5
1431,-1.725,-1.3031,4.862371,0.05,200,0,611.0
1432,-1.825,-1.3061,5.069847,0.05,200,0,611.5
1433,-1.625,-1.5119,5.197455,0.05,200,0,612.0
1434,-1.8,-1.5149,4.922093,0.05,200,0,612.5
1435,9.615,-1.2866,4.888734,0.05,62,1,612.6
1436,-1.575,-1.2841,4.890863,0.05,200,0,613.1
1437,-1.6,-1.2806,3.670843,0.05,200,0,613.7
1438,-1.6,-1.2771,4.807533,0.05,200,0,614.3
1439,-1.625,-1.2731,4.228196,0.05,200,0,614.8
1440,-1.7,-1.2751,4.034741,0.05,200,0,615.4
1441,-1.7,-1.2746,4.354073,0.05,200,0,615.9
1442,-1.7,-1.2761,5.540112,0.05,200,0,616.5
1443,-1.7,-1.2751,4.588157,0.05,200,0,617.2
1444,9.305,-1.0555,4.267026,0.05,103,1,617.5
1445,-1.7,-1.057,4.602801,0.05,200,0,618.1
1446,-1.7,-1.057,3.970357,0.05,200,0,618.6
1447,9.99,-0.8227,2.514309,0.05,17,1,618.7
1448,-1.7,-0.8227,4.292469,0.05,200,0,619.1
1449,-1.65,-0.8207,3.680269,0.05,200,0,619.6
1450,10.07,-0.5838,4.291884,0.05,14,1,619.6
1451,-1.8,-0.5848,4.719428,0.05,200,0,620.1
1452,-1.7,-0.5858,4.187593,0.05,200,0,620.6
1453,-1.85,-0.5863,4.009565,0.05,200,0,621.1
1454,-1.725,-0.5888,4.402128,0.05,200,0,621.6
1455,-1.825,-0.5903,5.024623,0.05,200,0,622.1
1456,-1.7,-0.5893,4.025588,0.05,200,0,622.5
1457,-1.65,-0.5868,3.271025,0.05,200,0,623.0
1458,9.545,-0.3599,5.181303,0.05,64,1,623.2
1459,9.045,-0.1445,4.371132,0.05,134,1,623.5
1460,-1.8,-0.1465,4.347781,0.05,200,0,624.0
1461,-1.7,-0.145,3.800915,0.05,200,0,624.6
1462,-1.8,-0.3746,4.792792,0.05,200,0,625.1
1463,-1.825,-0.3771,4.345427,0.05,200,0,625.6
1464,-1.8,-0.3791,3.89308,0.05,200,0,626.2
1465,-1.85,-0.3826,3.520455,0.05,200,0,626.7
1466,-1.825,-0.3831,3.908073,0.05,200,0,627.2
1467,-1.7,-0.3806,4.95958,0.05,200,0,627.7
1468,8.83,-0.169,3.727509,0.05,153,1,628.0
1469,-1.725,-0.1655,3.71705,0.05,200,0,628.5
1470,-1.75,-0.167,4.240281,0.05,200,0,629.0
1471,-1.75,-0.163,3.992957,0.05,200,0,629.4
1472,-1.725,-0.164,3.788448,0.05,200,0,629.9
1473,8.975,0.05,4.943614,0.05,116,1,630.2
1474,9.635,0.2802,2.842959,0.05,55,1,630.3
1475,-1.875,0.2767,3.401278,0.05,200,0,630.8
1476,9.09,0.496,2.830555,0.05,122,1,631.1
1477,-1.625,0.4965,3.26394,0.05,200,0,631.8
1478,-1.75,0.4985,3.448111,0.05,200,0,632.3
1479,-1.875,0.495,3.631052,0.05,200,0,632.8
1480,-1.875,0.4935,3.464063,0.05,200,0,633.3
1481,-1.775,0.4925,3.580395,0.05,200,0,633.8
1482,-1.675,0.4955,3.426512,0.05,200,0,634.3
1483,-1.825,0.4915,3.605221,0.05,200,0,634.8
1484,-1.7,0.4935,3.435134,0.05,200,0,635.3
1485,-1.675,0.2677,3.324849,0.05,200,0,635.7
1486,-1.7,0.2652,2.876277,0.05,200,0,636.2
1487,-1.775,0.2617,3.303378,0.05,200,0,636.7
1488,-1.725,0.2592,4.424411,0.05,200,0,637.1
1489,-1.725,0.2572,3.7559,0.05,200,0,637.6
1490,-1.6,0.2592,2.924568,0.05,200,0,638.1
1491,-1.7,0.2592,4.053283,0.05,200,0,638.6
1492,-1.675,0.2597,3.804396,0.05,200,0,639.0
1493,-1.775,0.2582,2.529991,0.05,200,0,639.5
1494,-1.7,0.0381,3.69978,0.05,200,0,640.0
1495,-1.825,0.0356,3.499344,0.05,200,0,640.5
1496,-1.775,0.0341,2.726397,0.05,200,0,641.0
1497,-1.8,-0.2017,2.874269,0.05,200,0,641.5
1498,-1.775,-0.2032,3.681338,0.05,200,0,642.0
1499,-1.8,-0.2062,2.977004,0.05,200,0,642.5
1500,-1.8,-0.4436,4.218977,0.05,200,0,642.9
1501,-1.8,-0.4436,3.408583,0.05,200,0,643.4
1502,-1.7,-0.4436,2.63074,0.05,200,0,643.9
1503,9.255,-0.2215,3.936939,0.05,93,1,644.1
1504,-1.875,-0.2245,3.949994,0.05,200,0,644.6
1505,8.845,-0.0111,3.299839,0.05,154,1,645.0
1506,8.4,0.1909,3.453388,0.05,191,1,645.5
1507,-1.7,0.1899,3.454131,0.05,200,0,646.0
1508,-1.825,-0.0375,3.679934,0.05,200,0,646.6
1509,-1.725,-0.2529,2.960368,0.05,200,0,647.1
1510,-1.825,-0.2534,3.015271,0.05,200,0,647.6
1511,-1.675,-0.2529,3.065522,0.05,200,0,648.1
1512,-1.775,-0.2524,2.752386,0.05,200,0,648.6
1513,-1.9,-0.2539,3.281847,0.05,200,0,649.1
1514,-1.8,-0.2539,3.826156,0.05,200,0,649.6
1515,9.035,-0.0362,2.511668,0.05,110,1,649.8
1516,-1.8,-0.0357,3.146654,0.05,200,0,650.3
1517,-1.85,-0.0387,2.92655,0.05,200,0,650.8
1518,-1.825,-0.2518,3.445921,0.05,200,0,651.3
1519,-1.775,-0.2528,3.030607,0.05,200,0,651.8
1520,-1.95,-0.2568,2.8418,0.05,200,0,652.3
1521,-1.725,-0.2563,3.484615,0.05,200,0,652.8
1522,-1.85,-0.2588,2.88157,0.05,200,0,653.3
1523,-1.9,-0.4763,2.980441,0.05,200,0,653.7
1524,-1.75,-0.704,2.431399,0.05,200,0,654.2
1525,-1.7,-0.7005,3.572047,0.05,200,0,654.7
1526,-1.9,-0.9203,3.408416,0.05,200,0,655.2
1527,-1.7,-0.9218,3.347519,0.05,200,0,655.6
1528,-1.825,-0.9233,3.960118,0.05,200,0,656.1
1529,-1.925,-0.9243,2.92165,0.05,200,0,656.5
1530,-1.9,-0.9248,3.59844,0.05,200,0,657.0
1531,-1.75,-0.9243,3.342412,0.05,200,0,657.6
1532,-1.725,-0.9253,3.075425,0.05,200,0,658.1
1533,-1.75,-0.9238,3.38195,0.05,200,0,658.6
1534,-1.875,-0.9273,3.005029,0.05,200,0,659.0
1535,-1.85,-0.9308,3.631233,0.05,200,0,659.5
1536,-1.7,-0.9308,3.159079,0.05,200,0,660.0
1537,-1.725,-0.9298,3.347331,0.05,200,0,660.5
1538,-1.85,-0.9323,3.313494,0.05,200,0,660.9
1539,-1.725,-0.9323,3.004111,0.05,200,0,661.4
1540,-1.825,-0.9368,3.704396,0.05,200,0,661.9
1541,-1.75,-0.9378,3.042897,0.05,200,0,662.4
1542,-1.725,-0.9388,3.435769,0.05,200,0,662.8
1543,-1.75,-0.9383,2.942234,0.05,200,0,663.3
1544,-1.85,-0.9413,3.266189,0.05,200,0,663.8
1545,-1.8,-0.9408,3.155112,0.05,200,0,664.3
1546,-1.675,-0.9388,3.076532,0.05,200,0,664.8
1547,-1.85,-0.9398,3.087408,0.05,200,0,665.3
1548,-1.75,-0.9393,3.524328,0.05,200,0,665.7
1549,-1.875,-0.9408,3.132919,0.05,200,0,666.2
1550,-1.65,-0.9378,3.471648,0.05,200,0,666.7
1551,-1.9,-0.9398,3.993663,0.05,200,0,667.2
1552,-1.7,-0.9398,3.00626,0.05,200,0,667.7
1553,-1.725,-1.1594,2.691778,0.05,200,0,668.1
1554,-1.675,-1.1554,3.429551,0.05,200,0,668.6
1555,-1.775,-1.3678,3.420976,0.05,200,0,669.1
1556,-1.875,-1.5733,3.378609,0.05,200,0,669.6
1557,-1.925,-1.5778,2.972948,0.05,200,0,670.1
1558,-1.725,-1.5758,3.574446,0.05,200,0,670.6
1559,-1.675,-1.5748,4.56188,0.05,200,0,671.1
1560,-1.7,-1.5723,3.707897,0.05,200,0,671.6
1561,-1.9,-1.5768,3.197237,0.05,200,0,672.1
1562,-1.775,-1.5768,3.418071,0.05,200,0,672.7
1563,-1.75,-1.5738,3.444669,0.05,200,0,673.2
1564,-1.9,-1.5758,3.358962,0.05,200,0,673.6
1565,-1.85,-1.7935,3.56613,0.05,200,0,674.1
1566,-1.925,-1.796,3.488001,0.05,200,0,674.6
1567,-1.85,-1.796,3.65605,0.05,200,0,675.1
1568,-1.9,-1.7975,3.268536,0.05,200,0,675.6
1569,-1.8,-1.798,3.922804,0.05,200,0,676.0
1570,-1.9,-1.797,3.959244,0.05,200,0,676.5
1571,-1.85,-1.7995,3.18384,0.05,200,0,677.1
1572,-1.95,-1.8015,3.219077,0.05,200,0,677.5
1573,-1.8,-1.7995,3.373925,0.05,200,0,678.0
1574,-1.875,-1.802,3.516078,0.05,200,0,678.5
1575,-1.825,-1.8045,3.805505,0.05,200,0,679.0
1576,-1.775,-1.802,3.845031,0.05,200,0,679.5
1577,-1.775,-1.8035,3.54243,0.05,200,0,680.1
1578,-1.9,-1.805,3.833564,0.05,200,0,680.5
1579,-1.8,-1.8025,3.833842,0.05,200,0,681.0
1580,-1.8,-1.8005,2.969879,0.05,200,0,681.5
1581,-1.925,-1.804,3.24216,0.05,200,0,682.0
1582,-1.775,-1.805,3.326692,0.05,200,0,682.4
1583,-1.8,-1.806,3.722046,0.05,200,0,682.9
1584,-1.775,-1.804,2.975141,0.05,200,0,683.4
1585,-1.775,-1.8025,3.930574,0.05,200,0,683.9
1586,-1.75,-1.8035,4.09333,0.05,200,0,684.4
1587,-1.75,-1.804,3.954368,0.05,200,0,684.8
1588,-1.775,-1.8025,3.550098,0.05,200,0,685.3
1589,-1.75,-1.803,3.8266,0.05,200,0,685.8
1590,-1.775,-1.802,3.139052,0.05,200,0,686.3
1591,-1.75,-1.802,4.122229,0.05,200,0,686.8
1592,-1.825,-1.804,3.363211,0.05,200,0,687.3
1593,-1.825,-1.8055,3.660456,0.05,200,0,687.8
1594,-1.675,-1.802,2.85613,0.05,200,0,688.3
1595,-1.725,-1.8005,2.73808,0.05,200,0,689.0
1596,-1.75,-1.802,3.355374,0.05,200,0,689.4
1597,-1.8,-1.801,2.456077,0.05,200,0,689.9
1598,-1.775,-1.8015,3.361621,0.05,200,0,690.5
1599,-1.9,-1.802,3.043363,0.05,200,0,691.0
1600,-1.8,-1.805,4.136668,0.05,200,0,691.5
1601,-1.875,-1.8045,3.246647,0.05,200,0,691.9
1602,-1.9,-1.8085,4.36523,0.05,200,0,692.6
1603,-1.8,-1.81,3.18279,0.05,200,0,693.1
1604,-1.8,-1.8125,3.972453,0.05,200,0,694.0
1605,-1.9,-1.815,3.502641,0.05,200,0,694.7
1606,-1.875,-1.815,3.999436,0.05,200,0,695.2
1607,-1.775,-1.812,4.080856,0.05,200,0,696.0
1608,-1.9,-1.8155,3.527965,0.05,200,0,696.5
1609,-1.875,-1.8195,3.32574,0.05,200,0,697.0
1610,-1.825,-1.822,3.75755,0.05,200,0,697.4
1611,-1.75,-1.819,3.723349,0.05,200,0,697.9
1612,-1.775,-1.819,3.942968,0.05,200,0,698.4
1613,-1.85,-1.821,3.862996,0.05,200,0,698.9
1614,-1.825,-1.8195,3.792631,0.05,200,0,699.4
1615,-1.75,-1.8175,3.875565,0.05,200,0,699.9
1616,-1.8,-1.815,3.50102,0.05,200,0,700.4
1617,-1.75,-1.813,4.259677,0.05,200,0,701.0
1618,9.16,-1.5918,4.352823,0.05,105,1,701.2
1619,-1.825,-1.5923,2.966114,0.05,200,0,701.7
1620,-1.775,-1.5898,3.359884,0.05,200,0,702.2
1621,-1.875,-1.5903,3.748338,0.05,200,0,702.6
1622,-1.825,-1.5878,4.725834,0.05,200,0,703.2
1623,-1.9,-1.5898,3.564492,0.05,200,0,703.8
1624,-1.875,-1.5898,3.904566,0.05,200,0,704.2
1625,-1.85,-1.5903,4.602442,0.05,200,0,704.7
1626,-1.75,-1.5898,3.04575,0.05,200,0,705.2
1627,-1.825,-1.5908,3.549365,0.05,200,0,705.7
1628,-1.775,-1.5883,3.270253,0.05,200,0,706.3
1629,-1.725,-1.5868,3.564599,0.05,200,0,707.2
1630,-1.7,-1.5848,3.995877,0.05,200,0,708.3
1631,-1.75,-1.5813,4.112611,0.05,200,0,709.1
1632,-1.775,-1.5813,3.643271,0.05,200,0,709.7
1633,-1.825,-1.5818,3.527752,0.05,200,0,710.2
1634,-1.8,-1.5823,4.204172,0.05,200,0,710.7
1635,-1.7,-1.5808,4.133784,0.05,200,0,711.3
1636,-1.825,-1.5823,3.199291,0.05,200,0,711.9
1637,-1.725,-1.5818,3.525269,0.05,200,0,712.5
1638,-1.775,-1.5818,3.254454,0.05,200,0,713.0
1639,-1.775,-1.5823,3.779699,0.05,200,0,713.6
1640,-1.8,-1.5828,4.676446,0.05,200,0,714.2
1641,-1.8,-1.5838,3.994553,0.05,200,0,714.7
1642,-1.8,-1.5833,3.7988,0.05,200,0,715.3
1643,-1.65,-1.5798,4.220192,0.05,200,0,715.7
1644,-1.775,-1.5818,4.050257,0.05,200,0,716.3
1645,-1.8,-1.5833,3.961878,0.05,200,0,716.8
1646,-1.775,-1.5838,4.009781,0.05,200,0,717.4
1647,-1.8,-1.5838,4.2988,0.05,200,0,718.0
1648,-1.75,-1.5833,4.013448,0.05,200,0,718.6
1649,-1.875,-1.5828,3.877385,0.05,200,0,719.1
1650,8.435,-1.3781,3.594059,0.05,185,1,719.6
1651,-1.8,-1.3766,4.011392,0.05,200,0,720.1
1652,-1.85,-1.3756,3.17238,0.05,200,0,720.6
1653,-1.875,-1.3771,3.663956,0.05,200,0,721.1
1654,-1.75,-1.3761,4.823589,0.05,200,0,721.6
1655,-1.875,-1.3756,4.412756,0.05,200,0,722.1
1656,-1.825,-1.3746,4.234835,0.05,200,0,722.6
1657,-1.825,-1.3756,4.260752,0.05,200,0,723.1
1658,-1.8,-1.3736,4.267089,0.05,200,0,723.6
1659,-1.8,-1.3721,4.476903,0.05,200,0,724.3
1660,-1.85,-1.3726,4.457349,0.05,200,0,725.1
1661,-1.7,-1.3716,4.629791,0.05,200,0,725.5
1662,-1.825,-1.3726,4.223281,0.05,200,0,726.0
1663,-1.7,-1.3696,3.744106,0.05,200,0,726.5
1664,-1.7,-1.3671,4.176553,0.05,200,0,727.0
1665,-1.925,-1.3706,4.726212,0.05,200,0,727.5
1666,-1.75,-1.3696,3.927029,0.05,200,0,728.0
1667,-1.65,-1.3676,4.791695,0.05,200,0,728.5
1668,-1.775,-1.5863,4.880573,0.05,200,0,728.9
1669,-1.8,-1.5858,3.267838,0.05,200,0,729.4
1670,-1.65,-1.5833,5.405184,0.05,200,0,729.9
1671,-1.825,-1.5823,4.038494,0.05,200,0,730.4
1672,-1.875,-1.5833,5.15715,0.05,200,0,730.9
1673,-1.8,-1.5813,5.5046,0.05,200,0,731.5
1674,-1.8,-1.5798,4.355986,0.05,200,0,732.2
1675,-1.85,-1.5798,5.544748,0.05,200,0,732.9
1676,9.58,-1.3532,4.014589,0.05,68,1,733.1
1677,-1.825,-1.3532,4.918784,0.05,200,0,733.6
1678,-1.925,-1.3562,4.777487,0.05,200,0,734.0
1679,-1.75,-1.3567,4.381375,0.05,200,0,734.5
1680,-1.825,-1.3592,4.86105,0.05,200,0,735.0
1681,9.195,-1.1403,3.920901,0.05,99,1,735.2
1682,-1.8,-1.1408,4.298712,0.05,200,0,735.7
1683,-1.75,-1.1393,3.876121,0.05,200,0,736.1
1684,-1.775,-1.1388,3.963788,0.05,200,0,736.6
1685,-1.75,-1.1398,4.414713,0.05,200,0,737.1
1686,-1.775,-1.1388,4.992836,0.05,200,0,737.6
1687,-1.7,-1.1383,3.600486,0.05,200,0,738.1
1688,-1.75,-1.1378,4.187626,0.05,200,0,738.5
1689,-1.775,-1.1378,4.951558,0.05,200,0,739.0
1690,-1.675,-1.1353,5.116569,0.05,200,0,739.5
1691,9.02,-0.9189,5.403314,0.05,124,1,739.8
1692,-1.95,-0.9219,4.001339,0.05,200,0,740.3
1693,-1.725,-0.9234,3.558064,0.05,200,0,740.8
1694,-1.825,-0.9244,4.489175,0.05,200,0,741.3
1695,-1.675,-0.9219,3.777626,0.05,200,0,741.8
1696,-1.625,-0.9189,4.611254,0.05,200,0,742.2
1697,-1.525,-0.9134,3.699858,0.05,200,0,742.7
1698,-1.7,-0.9124,4.24775,0.05,200,0,743.2
1699,-1.65,-0.9079,3.605639,0.05,200,0,743.7
1700,-1.65,-1.1096,3.639373,0.05,200,0,744.1
1701,-1.675,-1.1071,4.375759,0.05,200,0,744.6
1702,-1.625,-1.1026,3.491032,0.05,200,0,745.0
1703,-1.85,-1.1021,4.983089,0.05,200,0,745.5
1704,-1.725,-1.1016,3.608436,0.05,200,0,746.0
1705,-1.575,-1.0956,5.369788,0.05,200,0,746.4
1706,-1.7,-1.0931,4.851399,0.05,200,0,746.9
1707,-1.575,-1.0881,3.93775,0.05,200,0,747.4
1708,-1.575,-1.0836,6.415257,0.05,200,0,747.9
1709,-1.65,-1.0806,4.660501,0.05,200,0,748.4
1710,-1.625,-1.0761,4.553092,0.05,200,0,748.9
1711,-1.7,-1.0761,5.001176,0.05,200,0,749.4
1712,8.38,-0.872,4.375834,0.05,188,1,749.9
1713,-1.75,-0.873,4.379316,0.05,200,0,750.4
1714,-1.625,-0.8715,5.205543,0.05,200,0,751.0
1715,-1.75,-0.868,5.619226,0.05,200,0,751.5
1716,-1.625,-0.8655,5.881088,0.05,200,0,752.0
1717,-1.875,-0.87,4.020039,0.05,200,0,752.7
1718,-1.725,-0.869,5.548211,0.05,200,0,753.1
1719,-1.95,-0.872,5.897911,0.05,200,0,753.6
1720,-1.85,-0.876,5.393713,0.05,200,0,754.1
1721,-1.6,-0.8715,4.30151,0.05,200,0,754.6
1722,-1.65,-0.867,4.355564,0.05,200,0,755.0
1723,-1.775,-0.8665,4.241867,0.05,200,0,755.5
1724,-1.825,-0.867,4.814559,0.05,200,0,756.0
1725,-1.725,-0.8645,5.014069,0.05,200,0,756.5
1726,-1.925,-1.0946,4.123359,0.05,200,0,756.9
1727,-1.675,-1.0916,6.262645,0.05,200,0,757.4
1728,-1.675,-1.0866,4.677707,0.05,200,0,758.0
1729,-1.8,-1.0876,4.948025,0.05,200,0,758.6
1730,-1.975,-1.0906,4.69597,0.05,200,0,759.2
1731,-1.875,-1.312,5.472658,0.05,200,0,759.7
1732,-1.7,-1.31,4.255514,0.05,200,0,760.2
1733,-1.875,-1.3125,5.370941,0.05,200,0,760.6
1734,-1.75,-1.312,4.382182,0.05,200,0,761.1
1735,-2.0,-1.317,5.032365,0.05,200,0,761.6
1736,-1.55,-1.3125,4.678011,0.05,200,0,762.1
1737,-1.8,-1.3145,4.422746,0.05,200,0,762.6
1738,-1.625,-1.312,3.639848,0.05,200,0,763.1
1739,-1.8,-1.3125,4.371134,0.05,200,0,763.6
1740,-1.75,-1.314,4.469764,0.05,200,0,764.0
1741,-1.725,-1.5289,6.543078,0.05,200,0,764.5
1742,-1.775,-1.5254,4.497771,0.05,200,0,765.0
1743,-1.55,-1.5219,4.912896,0.05,200,0,765.4
1744,-1.6,-1.5174,5.140272,0.05,200,0,765.9
1745,-1.75,-1.5189,5.272847,0.05,200,0,766.4
1746,-1.775,-1.5219,5.473606,0.05,200,0,767.0
1747,-1.675,-1.5249,5.229016,0.05,200,0,767.5
1748,-1.725,-1.5254,4.778991,0.05,200,0,767.9
1749,-1.7,-1.5264,5.587044,0.05,200,0,768.4
1750,-1.8,-1.5294,6.057983,0.05,200,0,768.9
1751,-1.675,-1.5294,5.713507,0.05,200,0,769.4
1752,-1.7,-1.5309,5.145431,0.05,200,0,769.8
1753,-1.575,-1.5254,4.556574,0.05,200,0,770.3
1754,-1.725,-1.5254,5.887274,0.05,200,0,770.8
1755,-1.6,-1.5259,5.688048,0.05,200,0,771.3
1756,-1.7,-1.5259,5.042174,0.05,200,0,771.7
1757,-1.65,-1.5274,5.415676,0.05,200,0,772.2
1758,-1.675,-1.5294,5.869849,0.05,200,0,772.7
1759,-1.7,-1.5304,5.393921,0.05,200,0,773.1
1760,-1.725,-1.5324,4.354638,0.05,200,0,773.6
1761,-1.675,-1.5319,6.230873,0.05,200,0,774.1
1762,-1.75,-1.7345,5.751024,0.05,200,0,774.7
1763,-1.625,-1.732,6.015806,0.05,200,0,775.2
1764,-1.675,-1.733,5.667555,0.05,200,0,775.9
1765,-1.625,-1.7305,6.19937,0.05,200,0,776.4
1766,-1.775,-1.7335,6.681211,0.05,200,0,776.9
1767,-1.8,-1.732,5.684844,0.05,200,0,777.4
1768,-1.75,-1.7325,5.882343,0.05,200,0,777.9
1769,-1.875,-1.731,5.113529,0.05,200,0,778.4
1770,-1.6,-1.726,7.000119,0.05,200,0,778.9
1771,-1.675,-1.7275,5.840351,0.05,200,0,779.5
1772,-1.65,-1.7275,4.985177,0.05,200,0,780.1
1773,-1.85,-1.729,6.588825,0.05,200,0,780.6
1774,-1.7,-1.7265,7.056333,0.05,200,0,781.0
1775,-1.875,-1.7295,5.754018,0.05,200,0,781.5
1776,-1.85,-1.728,5.903891,0.05,200,0,782.0
1777,-1.85,-1.7315,6.370577,0.05,200,0,782.5
1778,-1.85,-1.735,7.319385,0.05,200,0,783.0
1779,-1.85,-1.736,5.417279,0.05,200,0,783.5
1780,-1.825,-1.733,6.855746,0.05,200,0,783.9
1781,-1.8,-1.7315,6.01708,0.05,200,0,784.4
1782,-1.825,-1.734,6.152362,0.05,200,0,784.9
1783,-1.725,-1.731,7.193532,0.05,200,0,785.4
1784,-1.8,-1.732,5.561414,0.05,200,0,785.9
1785,-1.825,-1.7285,6.337169,0.05,200,0,786.3
1786,-1.75,-1.7325,5.603978,0.05,200,0,786.8
1787,-1.825,-1.733,6.880117,0.05,200,0,787.3
1788,-1.775,-1.736,6.093301,0.05,200,0,787.8
1789,-1.725,-1.7345,5.985519,0.05,200,0,788.3
1790,-1.6,-1.7315,6.498516,0.05,200,0,788.8
1791,-1.825,-1.7335,6.12186,0.05,200,0,789.3
1792,-1.875,-1.7355,5.749602,0.05,200,0,789.8
1793,-1.8,-1.7405,6.227787,0.05,200,0,790.3
1794,-1.725,-1.743,6.318554,0.05,200,0,790.7
1795,-1.7,-1.742,5.988689,0.05,200,0,791.2
1796,-1.725,-1.741,6.409184,0.05,200,0,791.7
1797,-1.7,-1.7415,5.228902,0.05,200,0,792.2
1798,-1.7,-1.741,5.122285,0.05,200,0,792.7
1799,-1.825,-1.7435,5.589515,0.05,200,0,793.1
1800,-1.75,-1.7425,6.34662,0.05,200,0,793.6
1801,-1.65,-1.742,6.583454,0.05,200,0,794.1
1802,-1.8,-1.744,7.10056,0.05,200,0,794.6
1803,-1.9,-1.7505,6.345982,0.05,200,0,795.1
1804,-1.625,-1.7485,4.982446,0.05,200,0,795.6
1805,8.995,-1.5366,5.321929,0.05,134,1,795.9
1806,9.065,-1.3213,5.207645,0.05,122,1,796.2
1807,-1.75,-1.3233,5.339642,0.05,200,0,796.7
1808,-1.675,-1.3233,6.360705,0.05,200,0,797.2
1809,-1.6,-1.3213,6.171595,0.05,200,0,797.7
1810,-1.875,-1.3243,6.353686,0.05,200,0,798.1
1811,-1.725,-1.3253,5.276904,0.05,200,0,798.6
1812,-1.75,-1.3253,5.119575,0.05,200,0,799.1
1813,-1.675,-1.3263,5.220907,0.05,200,0,799.6
1814,-1.775,-1.3283,4.745964,0.05,200,0,800.0
1815,-1.625,-1.3283,5.013877,0.05,200,0,800.5
1816,-1.775,-1.3283,5.303579,0.05,200,0,801.0
1817,-1.65,-1.3253,6.075661,0.05,200,0,801.5
1818,-1.625,-1.3228,5.65233,0.05,200,0,801.9
1819,-1.825,-1.3218,5.688307,0.05,200,0,802.4
1820,-1.575,-1.3213,5.579677,0.05,200,0,802.9
1821,-1.8,-1.3238,5.781898,0.05,200,0,803.4
1822,-1.725,-1.3253,5.141646,0.05,200,0,803.8
1823,-1.675,-1.3218,5.873501,0.05,200,0,804.3
1824,-1.775,-1.3233,5.60926,0.05,200,0,804.8
1825,8.835,-1.1091,5.111198,0.05,140,1,805.2
1826,-1.65,-1.1051,4.977041,0.05,200,0,805.7
1827,-1.725,-1.1026,4.703229,0.05,200,0,806.3
1828,-1.725,-1.1001,5.128904,0.05,200,0,807.0
1829,-1.75,-1.0981,6.548599,0.05,200,0,807.5
1830,-1.7,-1.0956,4.002093,0.05,200,0,808.1
1831,-1.825,-1.0961,6.11269,0.05,200,0,808.6
1832,-1.75,-1.0946,5.231426,0.05,200,0,809.1
1833,-1.8,-1.0961,4.816208,0.05,200,0,809.6
1834,-1.925,-1.0986,5.116037,0.05,200,0,810.0
1835,-1.825,-1.0986,4.577533,0.05,200,0,810.5
1836,-1.7,-1.0976,5.39973,0.05,200,0,811.0
1837,-1.775,-1.0966,4.92573,0.05,200,0,811.5
1838,-1.675,-1.0946,5.339115,0.05,200,0,812.0
1839,-1.725,-1.0946,4.731293,0.05,200,0,812.5
1840,-1.65,-1.0956,3.744731,0.05,200,0,813.0
1841,-1.75,-1.0941,4.371807,0.05,200,0,813.5
1842,-1.85,-1.0936,4.800348,0.05,200,0,814.1
1843,-1.775,-1.0931,3.806496,0.05,200,0,814.7
1844,-1.8,-1.0946,3.572985,0.05,200,0,815.2
1845,-1.775,-1.0961,5.230218,0.05,200,0,815.8
1846,-1.95,-1.1006,5.093238,0.05,200,0,816.3
1847,-1.675,-1.1001,4.266007,0.05,200,0,816.9
1848,-1.75,-1.1011,4.403125,0.05,200,0,817.4
1849,8.85,-0.8876,5.119062,0.05,146,1,817.7
1850,-1.7,-0.8866,4.331138,0.05,200,0,818.2
1851,-1.75,-0.8886,3.802075,0.05,200,0,818.7
1852,-1.775,-0.8881,4.946292,0.05,200,0,819.2
1853,-1.7,-0.8841,5.094217,0.05,200,0,819.7
1854,-1.8,-0.8876,6.246117,0.05,200,0,820.2
1855,-1.8,-1.1035,4.656307,0.05,200,0,820.7
1856,-1.825,-1.3213,4.342219,0.05,200,0,821.2
1857,-1.675,-1.3198,4.532028,0.05,200,0,821.7
1858,-1.725,-1.3208,5.181532,0.05,200,0,822.3
1859,-1.825,-1.3253,5.497457,0.05,200,0,822.8
1860,-1.75,-1.3228,4.201307,0.05,200,0,823.4
1861,-1.825,-1.3248,4.929883,0.05,200,0,823.9
1862,-1.75,-1.3248,5.082425,0.05,200,0,824.4
1863,-1.875,-1.3288,4.774173,0.05,200,0,824.9
1864,-1.775,-1.3288,5.133823,0.05,200,0,825.5
1865,-1.725,-1.3308,4.35952,0.05,200,0,826.1
1866,-1.875,-1.3328,4.162106,0.05,200,0,826.7
1867,-1.7,-1.3338,4.0658,0.05,200,0,827.2
1868,-1.975,-1.3408,4.764942,0.05,200,0,827.7
1869,-1.675,-1.3378,4.359691,0.05,200,0,828.2
1870,-1.85,-1.3433,5.93731,0.05,200,0,828.7
1871,-1.825,-1.3438,5.087072,0.05,200,0,829.1
1872,-2.0,-1.3493,6.079102,0.05,200,0,829.6
1873,-1.85,-1.3528,3.99655,0.05,200,0,830.1
1874,-1.75,-1.3523,4.930828,0.05,200,0,830.5
1875,-1.6,-1.561,3.944323,0.05,200,0,831.1
1876,-1.825,-1.5645,4.804234,0.05,200,0,831.6
1877,-1.8,-1.566,4.409257,0.05,200,0,832.1
1878,-1.7,-1.5655,4.636773,0.05,200,0,832.6
1879,-1.7,-1.5645,4.25891,0.05,200,0,833.1
1880,-1.725,-1.565,5.245776,0.05,200,0,833.5
1881,-1.55,-1.5595,3.548629,0.05,200,0,834.0
1882,-1.725,-1.559,4.828873,0.05,200,0,834.5
1883,9.105,-1.3409,5.971395,0.05,128,1,834.8
1884,-1.7,-1.3364,5.340561,0.05,200,0,835.3
1885,9.02,-1.1195,4.095266,0.05,129,1,835.6
1886,-1.6,-1.1175,4.921227,0.05,200,0,836.1
1887,-1.725,-1.1165,5.218466,0.05,200,0,836.6
1888,-1.55,-1.114,5.259189,0.05,200,0,837.1
1889,-1.6,-1.1115,5.613658,0.05,200,0,837.5
1890,-1.55,-1.1095,5.492498,0.05,200,0,838.0
1891,-1.65,-1.1075,4.517866,0.05,200,0,838.5
1892,-1.75,-1.1055,5.038912,0.05,200,0,839.0
1893,-1.675,-1.1035,5.906881,0.05,200,0,839.4
1894,-1.575,-1.099,5.793137,0.05,200,0,839.9
1895,-1.8,-1.0995,5.643343,0.05,200,0,840.4
1896,-1.8,-1.0965,5.53535,0.05,200,0,840.9
1897,-1.725,-1.0975,4.709641,0.05,200,0,841.3
1898,-1.825,-1.099,6.471265,0.05,200,0,841.8
1899,-1.85,-1.313,5.71431,0.05,200,0,842.3
1900,-1.825,-1.3155,5.925869,0.05,200,0,842.7
1901,-1.825,-1.317,4.060829,0.05,200,0,843.2
1902,9.275,-1.096,4.810623,0.05,91,1,843.4
1903,-1.825,-1.0985,5.16753,0.05,200,0,843.8
1904,-1.875,-1.1,5.454367,0.05,200,0,844.3
1905,-1.7,-1.098,4.550799,0.05,200,0,844.7
1906,-1.725,-1.096,5.113794,0.05,200,0,845.2
1907,-1.575,-1.094,4.731059,0.05,200,0,845.6
1908,-1.825,-1.096,3.6938,0.05,200,0,846.1
1909,-1.725,-1.094,6.74119,0.05,200,0,846.6
1910,-1.875,-1.0965,5.188958,0.05,200,0,847.0
1911,-1.625,-1.0925,5.445688,0.05,200,0,847.5
1912,-1.7,-1.0915,5.989958,0.05,200,0,848.0
1913,-1.775,-1.0895,5.622597,0.05,200,0,848.5
1914,-1.8,-1.09,4.53777,0.05,200,0,848.9
1915,-1.7,-1.0895,6.170021,0.05,200,0,849.4
1916,-1.75,-1.087,4.76964,0.05,200,0,849.9
1917,-1.9,-1.091,6.795104,0.05,200,0,850.3
1918,-1.9,-1.0895,5.862001,0.05,200,0,850.8
1919,-1.95,-1.095,5.372192,0.05,200,0,851.3
1920,-1.725,-1.0925,4.566797,0.05,200,0,851.8
1921,-1.825,-1.0925,6.457121,0.05,200,0,852.3
1922,-1.775,-1.088,5.448566,0.05,200,0,852.7
1923,-1.775,-1.0865,5.517126,0.05,200,0,853.2
1924,-1.75,-1.0865,5.453839,0.05,200,0,853.7
1925,-1.725,-1.089,4.922092,0.05,200,0,854.2
1926,-1.7,-1.0865,5.585851,0.05,200,0,854.7
1927,-1.725,-1.085,5.592422,0.05,200,0,855.2
1928,-1.75,-1.086,5.335516,0.05,200,0,855.9
1929,-1.725,-1.0865,7.120021,0.05,200,0,856.4
1930,-1.75,-1.087,5.902978,0.05,200,0,856.9
1931,-1.8,-1.092,4.186001,0.05,200,0,857.4
1932,-1.75,-1.0925,4.947317,0.05,200,0,857.8
1933,-1.775,-1.3101,5.821387,0.05,200,0,858.3
1934,-1.7,-1.3101,6.178199,0.05,200,0,858.8
1935,-1.775,-1.526,6.49113,0.05,200,0,859.2
1936,-1.825,-1.5305,5.657169,0.05,200,0,859.7
1937,-1.8,-1.532,6.036897,0.05,200,0,860.2
1938,-1.625,-1.5335,5.688849,0.05,200,0,860.7
1939,-1.75,-1.5365,5.282404,0.05,200,0,861.1
1940,-1.8,-1.5415,4.487365,0.05,200,0,861.6
1941,-1.725,-1.543,6.003588,0.05,200,0,862.0
1942,-1.725,-1.5425,5.563139,0.05,200,0,862.5
1943,-1.625,-1.5415,6.917939,0.05,200,0,863.0
1944,-1.725,-1.5445,6.265841,0.05,200,0,863.6
1945,-1.725,-1.543,4.01846,0.05,200,0,864.1
1946,-1.9,-1.545,6.707383,0.05,200,0,864.6
1947,-1.825,-1.547,7.632521,0.05,200,0,865.1
1948,-1.85,-1.5475,6.785198,0.05,200,0,865.6
1949,-1.9,-1.5485,6.616303,0.05,200,0,866.1
1950,-1.875,-1.5495,5.748829,0.05,200,0,866.6
1951,-1.625,-1.5455,5.948672,0.05,200,0,867.0
1952,-1.95,-1.77,4.750649,0.05,200,0,867.5
1953,-1.9,-1.7715,5.956824,0.05,200,0,868.0
1954,-1.475,-1.7635,5.828802,0.05,200,0,868.5
1955,-1.625,-1.762,5.429717,0.05,200,0,869.0
1956,-1.85,-1.7645,5.230871,0.05,200,0,869.4
1957,-1.9,-1.771,5.67694,0.05,200,0,869.9
1958,-1.9,-1.7725,5.714539,0.05,200,0,870.3
1959,-1.775,-1.7735,7.014371,0.05,200,0,870.8
1960,-1.8,-1.772,6.370925,0.05,200,0,871.2
1961,-1.775,-1.775,6.043316,0.05,200,0,871.7
1962,-1.775,-1.7765,6.340119,0.05,200,0,872.1
1963,-1.75,-1.776,4.863615,0.05,200,0,872.6
1964,-1.9,-1.778,6.849329,0.05,200,0,873.1
1965,-1.7,-1.778,5.356047,0.05,200,0,873.6
1966,-1.85,-1.78,5.562335,0.05,200,0,874.0
1967,-1.625,-1.7745,5.399487,0.05,200,0,874.5
1968,-1.65,-1.7695,6.32206,0.05,200,0,875.0
1969,-1.7,-1.7645,5.991274,0.05,200,0,875.5
1970,-1.7,-1.764,6.499343,0.05,200,0,875.9
1971,-1.825,-1.764,5.890616,0.05,200,0,876.4
1972,-1.725,-1.763,5.774209,0.05,200,0,877.0
1973,-1.8,-1.7635,5.947276,0.05,200,0,877.5
1974,-1.7,-1.7625,6.170936,0.05,200,0,877.9
1975,-1.825,-1.7645,5.281336,0.05,200,0,878.6
1976,-1.75,-1.7655,5.721479,0.05,200,0,879.2
1977,-1.8,-1.767,5.190478,0.05,200,0,879.7
1978,-1.775,-1.7675,6.788688,0.05,200,0,880.2
1979,-1.825,-1.7695,5.460894,0.05,200,0,880.8
1980,-1.85,-1.7715,6.83493,0.05,200,0,881.3
1981,-1.85,-1.7725,5.398806,0.05,200,0,881.8
1982,-1.85,-1.7745,5.675566,0.05,200,0,882.3
1983,-1.775,-1.7745,6.610976,0.05,200,0,882.8
1984,-1.85,-1.7775,5.494422,0.05,200,0,883.3
1985,-1.95,-1.781,4.961504,0.05,200,0,883.8
1986,-1.675,-1.778,6.187279,0.05,200,0,884.3
1987,9.57,-1.5506,3.011012,0.05,79,1,884.5
1988,-1.8,-1.5541,5.490987,0.05,200,0,885.0
1989,-1.75,-1.5541,4.652433,0.05,200,0,885.4
1990,-1.725,-1.5526,5.062224,0.05,200,0,885.9
1991,-1.8,-1.5541,7.017415,0.05,200,0,886.4
1992,-1.7,-1.5536,4.67759,0.05,200,0,887.0
1993,-1.675,-1.5546,4.565542,0.05,200,0,887.5
1994,9.09,-1.3383,4.403073,0.05,132,1,887.8
1995,-1.825,-1.3403,5.660071,0.05,200,0,888.3
1996,-1.75,-1.3373,5.994771,0.05,200,0,888.8
1997,-1.625,-1.3333,4.757278,0.05,200,0,889.3
1998,-1.575,-1.3278,5.869096,0.05,200,0,889.8
1999,-1.6,-1.3218,5.108759,0.05,200,0,890.3
2000,-1.5,-1.3143,5.234582,0.05,200,0,890.7
1,-1.55,-1.55,8.6e-05,0.6852,200,0,0.3
2,8.745,3.5975,0.01019,0.3196,154,1,0.7
3,9.335,5.51,0.190129,0.1541,115,1,0.9
4,8.675,6.3012,0.121958,0.0675,161,1,1.2
5,8.695,6.78,0.277124,0.052,154,1,1.5
6,8.95,7.1417,0.297057,0.0502,126,1,1.8
7,10.04,7.5557,0.337732,0.0502,7,1,1.8
8,10.075,7.8706,0.257426,0.0502,6,1,1.8
9,9.055,8.0022,0.28024,0.05,133,1,2.1
10,10.09,8.211,0.237131,0.05,7,1,2.1
11,10.075,8.3805,0.238617,0.05,6,1,2.1
12,9.57,8.4796,0.235431,0.05,74,1,2.2
13,10.09,8.6035,0.243191,0.05,7,1,2.2
14,10.105,8.7107,0.236806,0.05,8,1,2.3
15,10.075,8.8017,0.16666,0.05,6,1,2.3
16,10.075,8.8812,0.213878,0.05,6,1,2.3
17,10.075,8.9515,0.206434,0.05,6,1,2.3
18,10.09,9.0147,0.152363,0.05,7,1,2.3
19,10.075,9.0705,0.15847,0.05,6,1,2.3
20,10.075,9.1207,0.128217,0.05,6,1,2.3
21,10.075,9.1662,0.121521,0.05,6,1,2.3
22,10.075,9.2075,0.164487,0.05,6,1,2.4
23,10.065,9.2448,0.124061,0.05,7,1,2.4
24,10.075,9.2794,0.244184,0.05,6,1,2.4
25,10.075,9.3112,0.321087,0.05,6,1,2.4
26,10.085,9.341,0.136269,0.05,10,1,2.4
27,10.09,9.3687,0.111981,0.05,7,1,2.4
28,10.07,9.3937,0.194249,0.05,9,1,2.4
29,10.055,9.4166,0.150024,0.05,8,1,2.5
30,10.075,9.4385,0.226648,0.05,6,1,2.5
31,10.095,9.4597,0.201327,0.05,9,1,2.5
32,10.105,9.4798,0.129019,0.05,8,1,2.5
33,10.09,9.4983,0.183771,0.05,7,1,2.5
34,10.09,9.5157,0.093523,0.05,7,1,2.5
35,10.07,9.5316,0.109387,0.05,9,1,2.6
36,10.09,9.5471,0.087447,0.05,7,1,2.6
37,10.08,9.5615,0.092207,0.05,8,1,2.6
38,10.09,9.5754,0.100388,0.05,7,1,2.6
39,10.09,9.5886,0.167426,0.05,7,1,2.6
40,10.09,9.6011,0.089274,0.05,7,1,2.6
41,10.08,9.6128,0.15163,0.05,8,1,2.6
42,10.09,9.6242,0.159633,0.05,7,1,2.7
43,9.985,9.6326,0.099807,0.05,20,1,2.7
44,10.07,9.6425,0.126585,0.05,9,1,2.7
45,9.985,9.6501,0.146293,0.05,20,1,2.8
46,10.09,9.6597,0.088644,0.05,7,1,2.8
47,10.09,9.6688,0.103148,0.05,7,1,2.8
48,10.08,9.6774,0.073787,0.05,8,1,2.8
49,10.06,9.6852,0.294544,0.05,10,1,2.8
50,10.08,9.6931,0.279501,0.05,8,1,2.8
51,-1.775,9.6886,0.219124,0.05,200,0,3.2
52,-1.725,9.4792,0.188567,0.05,200,0,3.6
53,-1.7,9.2585,0.242677,0.05,200,0,4.0
54,9.6,9.277,0.285951,0.05,81,1,4.2
55,-1.45,9.0741,0.239386,0.05,200,0,4.6
56,-1.575,8.8636,0.290032,0.05,200,0,5.0
57,-1.75,8.6278,0.463435,0.05,200,0,5.5
58,-1.725,8.3918,0.298524,0.05,200,0,5.9
59,-1.625,8.1782,0.413873,0.05,200,0,6.3
60,-1.55,7.9454,0.443783,0.05,200,0,6.7
61,-1.575,7.7124,0.426446,0.05,200,0,7.1
62,-1.5,7.491,0.564591,0.05,200,0,7.6
63,-1.6,7.2572,0.463322,0.05,200,0,8.1
64,-1.625,7.0226,0.524678,0.05,200,0,8.5
65,-1.65,6.7881,0.606047,0.05,200,0,9.0
66,9.665,6.7799,0.635221,0.05,87,1,9.1
67,9.935,6.7771,0.549951,0.05,50,1,9.2
68,-1.4,6.5473,0.41373,0.05,200,0,9.7
69,-1.625,6.3133,0.341031,0.05,200,0,10.1
70,-1.575,6.0803,0.46499,0.05,200,0,10.5
71,-1.575,5.8473,0.579137,0.05,200,0,11.0
72,-1.6,5.6138,0.623366,0.05,200,0,11.4
73,-1.675,5.379,0.605955,0.05,200,0,11.8
74,-1.575,5.146,0.48402,0.05,200,0,12.3
75,-1.675,4.911,0.502718,0.05,200,0,12.7
76,-1.925,4.6708,0.481794,0.05,200,0,13.1
77,-1.675,4.4355,0.594571,0.05,200,0,13.5
78,-1.75,4.1991,0.552125,0.05,200,0,13.9
79,-1.775,3.9625,0.507819,0.05,200,0,14.3
80,-1.775,3.7255,0.526843,0.05,200,0,14.7
81,-1.675,3.4901,0.619226,0.05,200,0,15.2
82,-1.625,3.2555,0.649997,0.05,200,0,15.6
83,-1.55,3.0227,0.657425,0.05,200,0,16.0
84,-1.7,2.7869,0.739655,0.05,200,0,16.4
85,-1.575,2.554,0.534096,0.05,200,0,16.8
86,-1.625,2.3197,0.695116,0.05,200,0,17.2
87,-1.65,2.0851,0.586993,0.05,200,0,17.6
88,-1.6,1.8513,0.684115,0.05,200,0,18.0
89,-1.75,1.6145,0.530878,0.05,200,0,18.4
90,-1.55,1.3817,0.571806,0.05,200,0,18.8
91,-1.75,1.1451,0.492584,0.05,200,0,19.3
92,-1.775,0.9078,0.504503,0.05,200,0,19.8
93,-1.625,0.6756,0.563314,0.05,200,0,20.2
94,-1.6,0.4422,0.599056,0.05,200,0,20.6
95,-1.55,0.2115,0.576574,0.05,200,0,21.1
96,-1.85,-0.0273,0.485255,0.05,200,0,21.5
97,-1.85,-0.2661,0.568609,0.05,200,0,21.9
98,-1.7,-0.5017,0.593631,0.05,200,0,22.3
99,-1.775,-0.7384,0.641066,0.05,200,0,22.8
100,-1.675,-0.9735,0.619687,0.05,200,0,23.2
101,-1.9,-0.976,0.710817,0.05,200,0,23.7
102,-1.8,-0.9775,0.584974,0.05,200,0,24.2
103,-1.65,-0.9765,0.718352,0.05,200,0,24.6
104,-1.7,-1.2025,0.634912,0.05,200,0,25.0
105,-1.8,-1.2095,0.520667,0.05,200,0,25.4
106,-1.75,-1.213,0.639503,0.05,200,0,25.8
107,-1.7,-1.212,0.707825,0.05,200,0,26.2
108,-1.8,-1.2135,0.753264,0.05,200,0,26.6
109,-1.725,-1.2155,0.627661,0.05,200,0,27.1
110,-1.775,-1.22,0.600502,0.05,200,0,27.5
111,-1.85,-1.2255,0.493901,0.05,200,0,27.9
112,-1.7,-1.2295,0.604636,0.05,200,0,28.3
113,-1.7,-1.2315,0.523178,0.05,200,0,28.7
114,-1.675,-1.2325,0.615405,0.05,200,0,29.1
115,-1.875,-1.237,0.449306,0.05,200,0,29.4
116,9.095,-1.2484,0.53096,0.05,114,1,29.7
117,-1.775,-1.4826,0.541743,0.05,200,0,30.1
118,-1.725,-1.4891,0.58744,0.05,200,0,30.5
119,-1.85,-1.4936,0.497814,0.05,200,0,30.9
120,-1.725,-1.4966,0.664164,0.05,200,0,31.3
121,-1.65,-1.4981,0.648902,0.05,200,0,31.7
122,-1.75,-1.5011,0.628064,0.05,200,0,32.1
123,-1.8,-1.5036,0.578145,0.05,200,0,32.5
124,-1.875,-1.5096,0.524615,0.05,200,0,32.9
125,-1.775,-1.5116,0.702781,0.05,200,0,33.3
126,-1.725,-1.5076,0.636113,0.05,200,0,33.7
127,-1.675,-1.5076,0.530975,0.05,200,0,34.1
128,-1.85,-1.5096,0.673768,0.05,200,0,34.5
129,-1.8,-1.5101,0.68204,0.05,200,0,34.9
130,8.53,-1.304,0.594803,0.05,178,1,35.3
131,9.62,-1.0781,0.41498,0.05,74,1,35.4
132,-1.725,-1.0801,0.596761,0.05,200,0,35.8
133,-1.775,-1.0846,0.563134,0.05,200,0,36.3
134,-1.85,-1.0876,0.468719,0.05,200,0,36.7
135,-1.65,-1.0891,0.560659,0.05,200,0,37.1
136,8.33,-0.89,0.620362,0.05,198,1,37.5
137,-1.75,-0.892,0.561753,0.05,200,0,37.9
138,-1.675,-0.8935,0.538145,0.05,200,0,38.3
139,-1.775,-0.894,0.573926,0.05,200,0,38.7
140,-1.7,-0.897,0.527551,0.05,200,0,39.1
141,-1.85,-0.899,0.594373,0.05,200,0,39.5
142,-1.7,-0.8975,0.512844,0.05,200,0,39.9
143,-1.625,-0.8975,0.550912,0.05,200,0,40.4
144,-1.7,-0.8995,0.490164,0.05,200,0,40.8
145,-1.775,-0.904,0.513713,0.05,200,0,41.2
146,-1.75,-0.902,0.48891,0.05,200,0,41.6
147,-1.7,-0.899,0.579737,0.05,200,0,42.0
148,-1.6,-0.897,0.57793,0.05,200,0,42.4
149,-1.9,-0.8995,0.426637,0.05,200,0,42.9
150,-1.675,-0.8995,0.613038,0.05,200,0,43.3
151,-1.875,-0.899,0.501666,0.05,200,0,43.7
152,-1.65,-0.896,0.474933,0.05,200,0,44.1
153,-1.8,-0.899,0.662858,0.05,200,0,44.6
154,-1.8,-0.901,0.510007,0.05,200,0,45.0
155,-1.8,-0.901,0.509456,0.05,200,0,45.5
156,-1.8,-0.902,0.562299,0.05,200,0,45.9
157,-1.8,-0.904,0.455436,0.05,200,0,46.3
158,-1.65,-0.901,0.527735,0.05,200,0,46.7
159,-1.775,-0.902,0.520981,0.05,200,0,47.2
160,-1.725,-0.901,0.48783,0.05,200,0,47.6
161,-1.75,-0.899,0.629462,0.05,200,0,48.0
162,-1.8,-0.901,0.502354,0.05,200,0,48.5
163,-1.65,-0.9,0.554385,0.05,200,0,48.9
164,-1.875,-0.904,0.506988,0.05,200,0,49.3
165,-1.575,-0.898,0.598621,0.05,200,0,49.8
166,-1.8,-1.1159,0.58362,0.05,200,0,50.2
167,-1.975,-1.1199,0.46762,0.05,200,0,50.7
168,-1.925,-1.1239,0.455425,0.05,200,0,51.1
169,-1.9,-1.1249,0.550488,0.05,200,0,51.6
170,-1.775,-1.1259,0.507291,0.05,200,0,52.0
171,-1.925,-1.1314,0.549962,0.05,200,0,52.4
172,-1.9,-1.1344,0.545561,0.05,200,0,52.8
173,-2.025,-1.1389,0.492974,0.05,200,0,53.3
174,-1.75,-1.1364,0.517217,0.05,200,0,53.7
175,-1.95,-1.1399,0.463374,0.05,200,0,54.1
176,-1.975,-1.1449,0.682375,0.05,200,0,54.5
177,-1.8,-1.1474,0.575923,0.05,200,0,55.0
178,8.46,-0.9412,0.546037,0.05,170,1,55.3
179,-1.875,-0.9427,0.509846,0.05,200,0,55.7
180,-1.75,-1.1483,0.518069,0.05,200,0,56.1
181,-1.95,-1.3797,0.559152,0.05,200,0,56.6
182,-1.8,-1.3812,0.502922,0.05,200,0,57.0
183,-1.75,-1.3807,0.627105,0.05,200,0,57.4
184,-1.85,-1.3807,0.576021,0.05,200,0,57.8
185,-1.75,-1.3827,0.509458,0.05,200,0,58.3
186,9.08,-1.3677,0.649626,0.05,123,1,58.5
187,-1.825,-1.3692,0.490734,0.05,200,0,58.9
188,-1.75,-1.3707,0.458231,0.05,200,0,59.4
189,-1.725,-1.3697,0.607457,0.05,200,0,59.8
190,8.735,-1.161,0.421817,0.05,170,1,60.1
191,-1.675,-1.1575,0.457537,0.05,200,0,60.5
192,-1.65,-1.1565,0.61762,0.05,200,0,61.0
193,-1.6,-1.156,0.654416,0.05,200,0,61.4
194,-1.65,-1.155,0.578069,0.05,200,0,61.8
195,8.89,-0.9417,0.630996,0.05,147,1,62.1
196,-1.675,-0.9402,0.708664,0.05,200,0,62.5
197,-1.675,-0.9397,0.686751,0.05,200,0,62.9
198,-1.675,-0.9412,0.647575,0.05,200,0,63.3
199,-1.6,-0.9352,0.728898,0.05,200,0,63.8
200,-1.625,-0.9342,0.602713,0.05,200,0,64.2
201,-1.55,-0.9277,0.546679,0.05,200,0,64.6
202,-1.575,-0.9262,0.571478,0.05,200,0,65.0
203,8.9,-0.7122,0.592359,0.05,161,1,65.4
204,-1.65,-0.7092,0.663466,0.05,200,0,65.8
205,-1.6,-0.7052,0.623296,0.05,200,0,66.2
206,-1.55,-0.7002,0.652194,0.05,200,0,66.6
207,-1.6,-0.6962,0.591573,0.05,200,0,67.0
208,-1.65,-0.6962,0.820757,0.05,200,0,67.4
209,-1.675,-0.6942,0.965075,0.05,200,0,67.9
210,-1.6,-0.6917,0.582059,0.05,200,0,68.3
211,10.03,-0.4561,0.955923,0.05,18,1,68.4
212,-1.65,-0.4531,0.671413,0.05,200,0,68.8
213,-1.75,-0.4551,0.714393,0.05,200,0,69.2
214,-1.6,-0.4496,0.771154,0.05,200,0,69.6
215,-1.75,-0.4531,0.784871,0.05,200,0,70.0
216,-1.625,-0.4496,0.710121,0.05,200,0,70.4
217,-1.8,-0.4461,0.519007,0.05,200,0,70.8
218,-1.725,-0.4421,0.706501,0.05,200,0,71.2
219,-1.75,-0.4391,0.727097,0.05,200,0,71.6
220,-1.8,-0.4396,0.652569,0.05,200,0,72.1
221,-1.75,-0.4361,0.650614,0.05,200,0,72.5
222,-1.7,-0.4321,0.793892,0.05,200,0,72.9
223,-1.775,-0.4271,0.740549,0.05,200,0,73.4
224,-1.85,-0.4291,0.75734,0.05,200,0,73.8
225,9.565,-0.1988,0.585754,0.05,57,1,73.9
226,-1.85,-0.1963,0.753323,0.05,200,0,74.3
227,9.22,0.0241,0.717448,0.05,109,1,74.6
228,-1.825,-0.1816,0.573124,0.05,200,0,75.0
229,-1.8,-0.1801,0.774106,0.05,200,0,75.5
230,-1.7,-0.1791,0.676047,0.05,200,0,76.0
231,-1.85,-0.1771,0.998602,0.05,200,0,76.4
232,-1.825,-0.1776,0.919718,0.05,200,0,77.2
233,-1.65,-0.1756,0.846758,0.05,200,0,77.8
234,9.985,0.0611,1.143687,0.05,15,1,77.8
235,9.24,0.2809,1.226398,0.05,92,1,78.0
236,-1.85,0.0623,1.058004,0.05,200,0,78.4
237,-1.775,0.0633,1.095483,0.05,200,0,78.9
238,8.46,0.2675,1.049205,0.05,175,1,79.3
239,-1.725,0.2675,1.307747,0.05,200,0,79.7
240,-1.85,0.0558,1.258731,0.05,200,0,80.2
241,9.51,0.2795,1.048125,0.05,80,1,80.3
242,8.505,0.4826,1.518411,0.05,188,1,80.8
243,-1.7,0.4806,1.344959,0.05,200,0,81.4
244,-1.675,0.4801,1.475045,0.05,200,0,81.9
245,-1.55,0.2713,1.825339,0.05,200,0,82.3
246,-1.675,0.2713,1.623686,0.05,200,0,82.8
247,-1.65,0.2718,1.90339,0.05,200,0,83.2
248,-1.5,0.2753,1.823731,0.05,200,0,83.7
249,-1.65,0.2743,2.193511,0.05,200,0,84.2
250,-1.775,0.2713,2.139481,0.05,200,0,85.0
251,-1.65,0.2693,2.201561,0.05,200,0,85.5
252,-1.525,0.2703,2.506458,0.05,200,0,85.9
253,8.99,0.2721,2.532351,0.05,142,1,86.3
254,-1.675,0.2716,2.247624,0.05,200,0,86.7
255,-1.6,0.2716,2.411143,0.05,200,0,87.2
256,-1.625,0.2701,3.10434,0.05,200,0,87.7
257,-1.55,0.2711,2.371528,0.05,200,0,88.2
258,-1.55,0.2731,2.949878,0.05,200,0,88.6
259,-1.525,0.2761,2.382727,0.05,200,0,89.1
260,-1.6,0.2761,2.514008,0.05,200,0,89.5
261,-1.525,0.045,2.766156,0.05,200,0,90.0
262,8.595,0.2499,3.311691,0.05,189,1,90.4
263,-1.75,0.2499,2.354698,0.05,200,0,90.8
264,-1.725,0.2474,2.784285,0.05,200,0,91.2
265,-1.6,0.2504,3.141668,0.05,200,0,91.6
266,-1.75,0.2479,2.959104,0.05,200,0,92.0
267,-1.625,0.2514,2.669688,0.05,200,0,92.5
268,-1.525,0.2554,2.351635,0.05,200,0,92.9
269,8.735,0.4651,2.6444,0.05,175,1,93.3
270,-1.725,0.4666,3.248993,0.05,200,0,93.7
271,-1.6,0.4696,2.748309,0.05,200,0,94.1
272,-1.6,0.4716,1.770064,0.05,200,0,94.5
273,-1.65,0.4741,2.745839,0.05,200,0,95.0
274,-1.725,0.4766,2.527261,0.05,200,0,95.5
275,-1.825,0.2488,2.729071,0.05,200,0,96.0
276,-1.65,0.2528,2.290067,0.05,200,0,96.5
277,-1.7,0.0344,2.24075,0.05,200,0,97.0
278,-1.525,0.0404,2.800664,0.05,200,0,97.4
279,-1.725,0.0419,2.812542,0.05,200,0,97.9
280,10.085,0.2776,3.500671,0.05,35,1,97.9
281,-1.575,0.2831,3.241522,0.05,200,0,98.5
282,-1.575,0.2881,2.715161,0.05,200,0,99.0
283,-1.625,0.2886,2.968186,0.05,200,0,99.4
284,-1.5,0.0589,2.817949,0.05,200,0,100.0
285,-1.9,-0.1639,2.734361,0.05,200,0,100.4
286,-1.625,-0.1594,3.145085,0.05,200,0,100.8
287,-1.8,-0.1599,3.117543,0.05,200,0,101.2
288,-1.85,-0.3661,2.763047,0.05,200,0,101.7
289,-1.675,-0.3651,3.047742,0.05,200,0,102.1
290,-1.625,-0.3606,2.161724,0.05,200,0,102.5
291,-1.8,-0.5868,3.135791,0.05,200,0,102.9
292,-1.725,-0.7914,2.571379,0.05,200,0,103.3
293,-1.625,-0.7899,3.098713,0.05,200,0,103.8
294,-1.825,-0.7929,2.319408,0.05,200,0,104.2
295,-1.55,-0.7929,3.733525,0.05,200,0,104.6
296,-1.75,-0.7944,3.177644,0.05,200,0,105.1
297,-1.75,-0.7964,2.854442,0.05,200,0,105.7
298,8.5,-0.5964,3.179193,0.05,186,1,106.1
299,-1.75,-0.5984,2.826899,0.05,200,0,106.7
300,-1.5,-0.5929,2.400801,0.05,200,0,107.3
301,-1.6,-0.5919,2.635641,0.05,200,0,107.7
302,-1.625,-0.5939,2.068853,0.05,200,0,108.1
303,-1.55,-0.8047,2.47627,0.05,200,0,108.5
304,-1.6,-0.8032,2.602316,0.05,200,0,108.9
305,-1.7,-0.8052,2.739881,0.05,200,0,109.3
306,-1.6,-0.8047,2.617944,0.05,200,0,109.7
307,-1.7,-0.8077,2.166404,0.05,200,0,110.1
308,-1.55,-0.8077,2.579866,0.05,200,0,110.5
309,-1.825,-0.8137,2.769014,0.05,200,0,111.0
310,-1.575,-0.8132,2.184003,0.05,200,0,111.5
311,-1.6,-0.8147,2.685295,0.05,200,0,112.0
312,-1.575,-1.0181,3.437798,0.05,200,0,112.5
313,-1.725,-1.0176,2.36599,0.05,200,0,113.0
314,8.245,-0.8182,2.188988,0.05,199,1,113.6
315,-1.775,-0.8217,2.731109,0.05,200,0,114.1
316,-1.65,-0.8197,2.22163,0.05,200,0,114.6
317,9.74,-0.5924,1.871061,0.05,52,1,114.7
318,-1.675,-0.5954,2.367995,0.05,200,0,115.2
319,-1.6,-0.8021,2.950853,0.05,200,0,115.7
320,-1.575,-0.7991,3.269506,0.05,200,0,116.1
321,-1.75,-0.8021,1.882493,0.05,200,0,116.5
322,-1.7,-0.8041,2.443894,0.05,200,0,117.0
323,9.59,-0.5793,1.904088,0.05,72,1,117.2
324,-1.8,-0.5808,2.650298,0.05,200,0,117.7
325,-1.6,-0.5763,2.3538,0.05,200,0,118.2
326,9.42,-0.3549,3.304694,0.05,84,1,118.4
327,-1.625,-0.3534,2.451585,0.05,200,0,118.8
328,8.98,-0.1433,2.003523,0.05,133,1,119.2
329,-1.7,-0.1428,2.040142,0.05,200,0,119.7
330,-1.675,-0.378,2.140472,0.05,200,0,120.2
331,-1.675,-0.38,2.42416,0.05,200,0,120.7
332,-1.575,-0.38,2.4105,0.05,200,0,121.2
333,-1.95,-0.3865,2.446676,0.05,200,0,121.7
334,-1.9,-0.3945,2.370986,0.05,200,0,122.2
335,-1.75,-0.3915,2.311915,0.05,200,0,122.7
336,-1.625,-0.3915,1.961618,0.05,200,0,123.2
337,-1.8,-0.3915,2.130265,0.05,200,0,123.7
338,-1.85,-0.3915,2.575511,0.05,200,0,124.2
339,-1.775,-0.3935,2.027379,0.05,200,0,124.7
340,8.86,-0.1838,2.80944,0.05,140,1,125.0
341,-1.875,-0.1853,2.293077,0.05,200,0,125.5
342,-1.775,-0.1863,1.683142,0.05,200,0,125.9
343,-1.75,-0.1888,2.583809,0.05,200,0,126.4
344,-1.7,-0.1863,2.187713,0.05,200,0,126.9
345,-1.775,-0.1908,2.313657,0.05,200,0,127.4
346,-1.875,-0.1933,2.283788,0.05,200,0,128.0
347,-1.7,-0.1923,2.322857,0.05,200,0,128.5
348,-1.675,-0.3958,2.226318,0.05,200,0,129.0
349,-1.75,-0.3958,2.123888,0.05,200,0,129.5
350,-1.625,-0.3983,2.344376,0.05,200,0,130.0
351,-1.7,-0.4003,2.509114,0.05,200,0,130.5
352,-1.625,-0.4003,2.154185,0.05,200,0,131.0
353,-1.7,-0.4033,2.023449,0.05,200,0,131.5
354,-1.75,-0.4063,3.167533,0.05,200,0,132.0
355,-1.875,-0.4098,1.834165,0.05,200,0,132.5
356,-1.825,-0.4143,2.190231,0.05,200,0,133.0
357,-1.65,-0.4133,2.039127,0.05,200,0,133.5
358,-1.525,-0.4128,2.126064,0.05,200,0,134.0
359,-1.675,-0.4098,2.631895,0.05,200,0,134.5
360,-1.775,-0.4138,2.358842,0.05,200,0,135.0
361,-1.65,-0.4148,2.301346,0.05,200,0,135.5
362,-1.9,-0.4213,2.050121,0.05,200,0,136.0
363,-1.9,-0.4248,1.9133,0.05,200,0,136.5
364,-1.7,-0.6237,2.270129,0.05,200,0,136.9
365,-1.7,-0.6222,1.879788,0.05,200,0,137.4
366,-1.5,-0.6192,2.220449,0.05,200,0,137.9
367,-1.75,-0.849,1.861051,0.05,200,0,138.4
368,-1.9,-0.8535,2.056186,0.05,200,0,139.0
369,-1.7,-0.8555,2.031219,0.05,200,0,139.5
370,-1.75,-0.859,2.117821,0.05,200,0,140.0
371,8.69,-0.6502,2.188558,0.05,147,1,140.4
372,-1.975,-0.6557,1.517889,0.05,200,0,140.9
373,-1.7,-0.8815,1.604489,0.05,200,0,141.5
374,-1.8,-0.8815,2.150716,0.05,200,0,141.9
375,-1.725,-0.884,1.851611,0.05,200,0,142.4
376,-1.8,-1.1084,2.209673,0.05,200,0,142.9
377,9.985,-0.8762,1.195229,0.05,15,1,143.0
378,8.305,-0.8897,1.741051,0.05,193,1,143.5
379,-1.775,-0.8912,2.154314,0.05,200,0,144.0
380,-1.8,-0.8937,1.939862,0.05,200,0,144.5
381,-1.675,-0.8937,2.243574,0.05,200,0,144.9
382,-1.725,-0.8967,1.837885,0.05,200,0,145.4
383,9.115,-0.6754,2.500131,0.05,117,1,145.7
384,-1.625,-0.6699,1.530043,0.05,200,0,146.1
385,-1.675,-0.6684,1.727261,0.05,200,0,146.6
386,-1.6,-0.6679,1.792581,0.05,200,0,147.1
387,-1.6,-0.6639,1.819331,0.05,200,0,147.6
388,-1.6,-0.6589,1.823841,0.05,200,0,148.1
389,-1.725,-0.6579,1.886126,0.05,200,0,148.6
390,-1.625,-0.8676,1.935064,0.05,200,0,149.1
391,8.325,-0.6636,2.260009,0.05,196,1,149.6
392,-1.675,-0.6616,1.766552,0.05,200,0,150.1
393,-1.775,-0.6621,1.935361,0.05,200,0,150.6
394,-1.675,-0.6616,1.544822,0.05,200,0,151.1
395,-1.55,-0.6571,2.054092,0.05,200,0,151.6
396,-1.7,-0.6536,1.553925,0.05,200,0,152.0
397,-1.85,-0.6566,2.089899,0.05,200,0,152.5
398,-1.8,-0.6591,1.857029,0.05,200,0,153.0
399,-1.75,-0.6591,1.970386,0.05,200,0,153.5
400,-1.925,-0.6651,1.826437,0.05,200,0,153.9
401,-1.675,-0.6646,1.7816,0.05,200,0,154.4
402,8.39,-0.4643,1.437267,0.05,187,1,154.9
403,9.845,-0.2334,2.480396,0.05,44,1,155.0
404,-1.7,-0.2324,1.879776,0.05,200,0,155.5
405,-1.625,-0.2274,1.322323,0.05,200,0,156.0
406,-1.6,-0.2229,1.564248,0.05,200,0,156.5
407,-1.6,-0.2219,1.786994,0.05,200,0,157.0
408,-1.675,-0.2249,1.714998,0.05,200,0,157.5
409,-1.625,-0.2239,1.690477,0.05,200,0,158.0
410,-1.625,-0.2209,1.511148,0.05,200,0,158.5
411,-1.85,-0.2249,1.730827,0.05,200,0,159.1
412,-1.8,-0.2229,1.502487,0.05,200,0,159.6
413,-1.85,-0.2219,1.77651,0.05,200,0,160.2
414,8.365,-0.0206,1.305157,0.05,192,1,160.7
415,-1.75,-0.0216,1.647322,0.05,200,0,161.2
416,-1.8,-0.0276,1.415433,0.05,200,0,161.7
417,-1.65,-0.0256,1.43979,0.05,200,0,162.2
418,9.36,0.1996,1.103933,0.05,85,1,162.4
419,-1.925,0.1951,1.606593,0.05,200,0,162.9
420,-1.925,0.1916,1.196358,0.05,200,0,163.3
421,-1.8,-0.0182,1.716227,0.05,200,0,163.8
422,-1.825,-0.0152,1.490563,0.05,200,0,164.3
423,-1.85,-0.0182,1.553582,0.05,200,0,164.8
424,-1.65,-0.0152,1.46544,0.05,200,0,165.3
425,-1.85,-0.0177,1.174992,0.05,200,0,165.7
426,-1.8,-0.0177,1.316121,0.05,200,0,166.3
427,-1.825,-0.2539,1.181672,0.05,200,0,166.8
428,-2.0,-0.46,1.881982,0.05,200,0,167.3
429,-1.7,-0.4585,1.516248,0.05,200,0,167.8
430,-1.85,-0.4595,1.433996,0.05,200,0,168.2
431,-1.825,-0.4625,1.512898,0.05,200,0,168.7
432,-1.8,-0.464,1.313514,0.05,200,0,169.1
433,-1.85,-0.6833,1.410925,0.05,200,0,169.6
434,-1.775,-0.6863,1.211088,0.05,200,0,170.1
435,-1.875,-0.6903,1.469672,0.05,200,0,170.5
436,-1.975,-0.6978,1.303166,0.05,200,0,171.0
437,-1.825,-0.7023,1.697901,0.05,200,0,171.4
438,-1.775,-0.7058,1.686916,0.05,200,0,171.9
439,-1.875,-0.7088,1.739076,0.05,200,0,172.4
440,-1.825,-0.7128,1.318287,0.05,200,0,172.9
441,-1.875,-0.9168,1.305232,0.05,200,0,173.3
442,-1.975,-0.9228,1.574911,0.05,200,0,173.9
443,-1.95,-0.9263,1.27627,0.05,200,0,174.4
444,-1.725,-0.9273,1.305553,0.05,200,0,174.9
445,-1.875,-0.9338,1.108479,0.05,200,0,175.4
446,-1.8,-0.9358,1.636046,0.05,200,0,176.0
447,-1.75,-0.9338,1.336081,0.05,200,0,176.5
448,-1.75,-0.9328,1.311176,0.05,200,0,177.0
449,-1.8,-0.9338,1.589387,0.05,200,0,177.5
450,-1.75,-0.9303,1.273685,0.05,200,0,178.0
451,-1.7,-0.9308,1.245605,0.05,200,0,178.5
452,-1.775,-1.1341,1.676965,0.05,200,0,178.9
453,-1.75,-1.366,1.400083,0.05,200,0,179.4
454,-1.7,-1.366,1.286113,0.05,200,0,179.9
455,-1.725,-1.368,1.52262,0.05,200,0,180.4
456,8.655,-1.1629,1.349096,0.05,173,1,180.8
457,-1.675,-1.1644,1.429702,0.05,200,0,181.3
458,-1.6,-1.1629,1.098948,0.05,200,0,181.7
459,-1.8,-1.1664,1.514759,0.05,200,0,182.2
460,-1.7,-1.1679,1.297564,0.05,200,0,182.7
461,8.905,-0.9528,1.391962,0.05,158,1,183.1
462,-1.55,-0.9478,1.387932,0.05,200,0,183.6
463,-1.7,-0.9448,2.022177,0.05,200,0,184.1
464,-1.725,-1.1466,1.290545,0.05,200,0,184.6
465,-1.55,-1.1426,1.391841,0.05,200,0,185.1
466,-1.725,-1.1411,1.517069,0.05,200,0,185.6
467,-1.725,-1.1426,1.725662,0.05,200,0,186.1
468,-1.85,-1.3668,1.29473,0.05,200,0,186.6
469,-1.875,-1.3658,1.173743,0.05,200,0,187.1
470,-1.675,-1.3608,1.50835,0.05,200,0,187.6
471,-1.8,-1.3608,1.259416,0.05,200,0,188.2
472,-1.65,-1.3573,1.660106,0.05,200,0,188.7
473,-1.7,-1.3543,1.519686,0.05,200,0,189.2
474,-1.75,-1.3563,1.375829,0.05,200,0,189.6
475,-1.875,-1.3568,1.672703,0.05,200,0,190.1
476,-1.7,-1.3548,1.472885,0.05,200,0,190.6
477,-1.8,-1.3543,1.732815,0.05,200,0,191.1
478,-1.925,-1.3528,1.484768,0.05,200,0,191.6
479,-1.675,-1.3523,1.574983,0.05,200,0,192.1
480,-1.75,-1.3503,1.584191,0.05,200,0,192.6
481,-1.825,-1.3503,1.572923,0.05,200,0,193.1
482,-1.725,-1.3488,1.71672,0.05,200,0,193.6
483,9.61,-1.1196,1.992829,0.05,65,1,193.8
484,-1.625,-1.1166,1.524757,0.05,200,0,194.3
485,-1.75,-1.1141,1.319214,0.05,200,0,194.8
486,-1.675,-1.1081,1.278206,0.05,200,0,195.3
487,-1.6,-1.1036,1.276269,0.05,200,0,195.7
488,9.195,-0.8842,1.731453,0.05,109,1,196.0
489,-1.775,-0.8822,1.702881,0.05,200,0,196.5
490,-1.725,-0.8802,1.78351,0.05,200,0,196.9
491,-1.825,-0.8792,1.780085,0.05,200,0,197.4
492,-1.65,-0.8727,1.766621,0.05,200,0,197.9
493,-1.8,-0.8697,1.606086,0.05,200,0,198.4
494,-1.75,-0.8702,1.868731,0.05,200,0,198.8
495,-1.9,-0.8707,1.834531,0.05,200,0,199.3
496,-1.7,-0.8687,1.493995,0.05,200,0,199.8
497,-1.75,-0.8687,1.593466,0.05,200,0,200.3
498,-1.775,-0.8692,1.784996,0.05,200,0,200.8
499,-1.85,-0.8702,1.649553,0.05,200,0,201.3
500,-1.825,-0.8717,1.894484,0.05,200,0,201.8
501,9.655,-0.6446,1.714443,0.05,58,1,201.9
502,8.8,-0.4331,1.255075,0.05,141,1,202.3
503,-1.825,-0.4346,1.619905,0.05,200,0,202.8
504,-1.775,-0.4361,1.846183,0.05,200,0,203.3
505,-1.775,-0.4371,1.365904,0.05,200,0,203.8
506,-1.75,-0.6452,1.687309,0.05,200,0,204.3
507,-1.875,-0.6492,1.713795,0.05,200,0,204.8
508,-1.8,-0.6532,1.646198,0.05,200,0,205.2
509,-1.825,-0.6537,1.738673,0.05,200,0,205.7
510,-1.825,-0.6562,1.436451,0.05,200,0,206.2
511,-1.625,-0.8668,1.796869,0.05,200,0,206.7
512,-1.7,-0.8698,1.713586,0.05,200,0,207.1
513,-1.85,-0.8728,1.652986,0.05,200,0,207.6
514,-1.9,-0.8763,1.793301,0.05,200,0,208.1
515,-1.875,-0.8828,1.520856,0.05,200,0,208.6
516,-1.8,-0.8843,1.557343,0.05,200,0,209.0
517,-1.75,-0.8848,1.650846,0.05,200,0,209.5
518,-1.625,-0.8803,1.64599,0.05,200,0,210.0
519,-1.75,-0.8778,1.535709,0.05,200,0,210.4
520,-1.725,-0.8788,1.594722,0.05,200,0,210.9
521,-1.8,-0.8788,1.60909,0.05,200,0,211.4
522,9.13,-0.6632,1.282249,0.05,118,1,211.7
523,-1.575,-0.6607,1.460405,0.05,200,0,212.2
524,-1.675,-0.6592,1.732004,0.05,200,0,212.7
525,-1.7,-0.6557,1.612267,0.05,200,0,213.2
526,-1.75,-0.6567,1.437742,0.05,200,0,213.7
527,-1.875,-0.6582,1.44276,0.05,200,0,214.2
528,-1.7,-0.6537,1.360335,0.05,200,0,214.7
529,-1.625,-0.6527,1.805019,0.05,200,0,215.2
530,-1.675,-0.6512,1.528292,0.05,200,0,215.6
531,-1.825,-0.6512,1.709556,0.05,200,0,216.1
532,-1.725,-0.6512,1.785624,0.05,200,0,216.6
533,-1.7,-0.8774,1.738467,0.05,200,0,217.1
534,-1.825,-0.8814,1.684569,0.05,200,0,217.6
535,-1.825,-0.8829,1.516589,0.05,200,0,218.0
536,-1.825,-0.8859,1.650516,0.05,200,0,218.5
537,-1.8,-0.8899,1.648584,0.05,200,0,219.0
538,-1.75,-1.1088,1.114175,0.05,200,0,219.5
539,-1.625,-1.1058,1.740495,0.05,200,0,219.9
540,-1.7,-1.1053,1.687156,0.05,200,0,220.4
541,-1.75,-1.1038,1.697156,0.05,200,0,220.9
542,-1.65,-1.1038,1.850679,0.05,200,0,221.4
543,-1.675,-1.1013,1.818221,0.05,200,0,221.9
544,-1.65,-1.0993,2.018521,0.05,200,0,222.4
545,-1.55,-1.0923,1.587187,0.05,200,0,222.9
546,8.455,-0.8892,2.137795,0.05,168,1,223.3
547,-1.675,-0.8877,1.558718,0.05,200,0,223.8
548,-1.75,-0.8872,1.712844,0.05,200,0,224.3
549,-1.625,-0.8827,2.041946,0.05,200,0,224.8
550,-1.725,-0.8807,1.880105,0.05,200,0,225.2
551,-1.8,-1.1098,1.789483,0.05,200,0,225.7
552,-1.75,-1.3208,1.709669,0.05,200,0,226.2
553,-1.575,-1.3158,1.4226,0.05,200,0,226.7
554,-1.8,-1.3163,2.279968,0.05,200,0,227.1
555,-1.7,-1.3148,2.206462,0.05,200,0,227.6
556,-1.675,-1.3133,1.964033,0.05,200,0,228.1
557,-1.775,-1.3113,1.9048,0.05,200,0,228.6
558,-1.575,-1.3068,1.493984,0.05,200,0,229.0
559,-1.7,-1.3043,2.127883,0.05,200,0,229.5
560,8.67,-1.0944,2.289226,0.05,149,1,229.8
561,-1.725,-1.0964,1.805385,0.05,200,0,230.3
562,-1.7,-1.0964,2.065446,0.05,200,0,230.8
563,-1.925,-1.0979,1.462168,0.05,200,0,231.3
564,9.215,-0.8756,1.693372,0.05,107,1,231.6
565,-1.85,-0.8751,2.45047,0.05,200,0,232.1
566,-1.825,-0.8756,1.637278,0.05,200,0,232.6
567,-1.725,-0.8751,1.814207,0.05,200,0,233.0
568,-1.875,-0.8801,2.276798,0.05,200,0,233.5
569,8.6,-0.6731,2.033287,0.05,166,1,233.9
570,-1.825,-0.6751,1.987742,0.05,200,0,234.4
571,-1.775,-0.6746,1.882823,0.05,200,0,234.9
572,-1.8,-0.8932,2.21841,0.05,200,0,235.4
573,-1.675,-0.8952,2.003514,0.05,200,0,235.9
574,-1.7,-0.8957,2.037898,0.05,200,0,236.4
575,-1.8,-0.8977,1.969349,0.05,200,0,236.9
576,8.9,-0.6847,2.222196,0.05,126,1,237.2
577,-1.85,-0.6842,1.478912,0.05,200,0,237.7
578,9.315,-0.4639,2.194559,0.05,112,1,237.9
579,-1.65,-0.4644,2.330688,0.05,200,0,238.4
580,-1.775,-0.4664,1.911638,0.05,200,0,238.9
581,-1.725,-0.4644,2.044209,0.05,200,0,239.4
582,-1.65,-0.4629,2.11433,0.05,200,0,240.0
583,-1.6,-0.4609,2.379584,0.05,200,0,240.5
584,-1.7,-0.4584,1.654964,0.05,200,0,241.0
585,-1.85,-0.4589,2.031148,0.05,200,0,241.5
586,-1.675,-0.4559,1.722101,0.05,200,0,241.9
587,-1.65,-0.4529,2.260073,0.05,200,0,242.4
588,-1.6,-0.4499,1.906207,0.05,200,0,242.9
589,-1.6,-0.4494,1.806519,0.05,200,0,243.4
590,-1.825,-0.4519,2.110299,0.05,200,0,243.9
591,-1.675,-0.4504,2.359497,0.05,200,0,244.4
592,-1.575,-0.4489,2.293895,0.05,200,0,244.9
593,-1.675,-0.4489,2.051594,0.05,200,0,245.4
594,-1.775,-0.4514,2.18085,0.05,200,0,245.9
595,-1.675,-0.4539,2.56228,0.05,200,0,246.3
596,-1.65,-0.656,2.216581,0.05,200,0,246.8
597,-1.5,-0.6525,1.869153,0.05,200,0,247.3
598,-1.65,-0.6505,2.369581,0.05,200,0,247.8
599,-1.625,-0.6505,1.880154,0.05,200,0,248.3
600,-1.725,-0.6505,1.814676,0.05,200,0,248.8
601,-1.65,-0.6475,2.385106,0.05,200,0,249.4
602,-1.625,-0.645,1.734999,0.05,200,0,249.9
603,-1.6,-0.6455,2.159102,0.05,200,0,250.4
604,-1.675,-0.643,2.134604,0.05,200,0,250.9
605,-1.725,-0.6435,1.985951,0.05,200,0,251.4
606,-1.7,-0.644,2.103874,0.05,200,0,251.9
607,8.78,-0.4329,2.357014,0.05,158,1,252.3
608,-1.575,-0.4329,2.557254,0.05,200,0,252.8
609,-1.675,-0.4324,2.602602,0.05,200,0,253.3
610,-1.625,-0.6383,2.105671,0.05,200,0,253.8
611,-1.7,-0.6378,2.381155,0.05,200,0,254.3
612,-1.525,-0.6343,2.301096,0.05,200,0,254.8
613,-1.6,-0.6278,2.457844,0.05,200,0,255.2
614,-1.575,-0.8436,2.014385,0.05,200,0,255.7
615,-1.675,-0.8401,2.638358,0.05,200,0,256.2
616,9.15,-0.6206,2.17001,0.05,126,1,256.5
617,-1.8,-0.6221,2.287103,0.05,200,0,256.9
618,-1.65,-0.6176,1.893513,0.05,200,0,257.4
619,-1.85,-0.8266,2.219974,0.05,200,0,257.9
620,-1.7,-0.8241,2.556904,0.05,200,0,258.4
621,-1.625,-0.8211,2.709843,0.05,200,0,258.8
622,-1.7,-0.8191,2.057044,0.05,200,0,259.3
623,-1.675,-0.8191,2.355404,0.05,200,0,259.8
624,-1.75,-0.8201,2.347888,0.05,200,0,260.3
625,-1.6,-0.8161,2.643291,0.05,200,0,260.9
626,-1.55,-1.0251,2.561441,0.05,200,0,261.5
627,-1.775,-1.0236,2.511683,0.05,200,0,262.0
628,-1.575,-1.2414,1.966026,0.05,200,0,262.5
629,-1.625,-1.2409,2.762483,0.05,200,0,263.0
630,9.615,-1.0131,2.44933,0.05,87,1,263.3
631,-1.65,-1.0116,2.061888,0.05,200,0,263.8
632,-1.75,-1.0136,2.03203,0.05,200,0,264.3
633,-1.8,-1.0176,2.43878,0.05,200,0,264.9
634,-1.525,-1.0141,2.11497,0.05,200,0,265.4
635,9.115,-0.7948,2.775969,0.05,127,1,265.7
636,-1.85,-0.7983,1.997828,0.05,200,0,266.3
637,-1.625,-0.7978,2.178219,0.05,200,0,266.8
638,-1.85,-0.8028,2.705003,0.05,200,0,267.3
639,-1.575,-0.8023,2.314659,0.05,200,0,267.8
640,-1.675,-0.7993,2.79068,0.05,200,0,268.3
641,-1.8,-0.8018,2.240967,0.05,200,0,268.8
642,-1.8,-0.8063,2.163192,0.05,200,0,269.3
643,-1.775,-0.8083,1.858406,0.05,200,0,269.8
644,-1.725,-0.8073,2.533121,0.05,200,0,270.3
645,-1.75,-0.8088,2.637468,0.05,200,0,270.8
646,-1.65,-0.8088,2.881971,0.05,200,0,271.3
647,-1.725,-0.8133,2.610913,0.05,200,0,271.7
648,-1.75,-0.8153,2.386703,0.05,200,0,272.2
649,-1.675,-0.8163,2.784742,0.05,200,0,272.7
650,-1.8,-0.8178,2.559454,0.05,200,0,273.2
651,-1.625,-0.8173,2.47263,0.05,200,0,273.6
652,-1.825,-0.8213,2.645369,0.05,200,0,274.1
653,-1.85,-0.8263,2.071292,0.05,200,0,274.6
654,-1.725,-0.8273,2.81583,0.05,200,0,275.1
655,-1.7,-0.8268,2.107207,0.05,200,0,275.6
656,-1.6,-0.8248,3.007985,0.05,200,0,276.1
657,-1.75,-1.0354,2.848715,0.05,200,0,276.5
658,-1.8,-1.0399,2.327418,0.05,200,0,277.0
659,-1.7,-1.0404,2.766029,0.05,200,0,277.5
660,-1.5,-1.0379,1.929396,0.05,200,0,278.0
661,-1.825,-1.0404,2.591426,0.05,200,0,278.5
662,-1.875,-1.0474,2.80099,0.05,200,0,279.0
663,-1.875,-1.0529,2.16076,0.05,200,0,279.5
664,-1.725,-1.0559,2.332401,0.05,200,0,280.0
665,-1.65,-1.0554,2.715698,0.05,200,0,280.5
666,-1.65,-1.2714,2.563301,0.05,200,0,281.0
667,-1.6,-1.2674,2.112237,0.05,200,0,281.5
668,-1.575,-1.2659,2.62152,0.05,200,0,282.0
669,-1.75,-1.2639,2.849674,0.05,200,0,282.4
670,9.505,-1.0398,2.876087,0.05,73,1,282.6
671,-1.825,-1.0438,2.491731,0.05,200,0,283.1
672,-1.9,-1.0478,2.652218,0.05,200,0,283.6
673,-1.8,-1.0503,2.404834,0.05,200,0,284.1
674,-1.725,-1.0498,2.366831,0.05,200,0,284.5
675,-1.625,-1.0503,2.057967,0.05,200,0,285.0
676,-1.675,-1.0528,2.265628,0.05,200,0,285.5
677,-1.6,-1.0493,2.723515,0.05,200,0,286.0
678,-1.8,-1.0538,2.644214,0.05,200,0,286.5
679,-1.625,-1.0538,2.554402,0.05,200,0,286.9
680,-1.725,-1.2806,2.55083,0.05,200,0,287.4
681,8.78,-1.072,2.816901,0.05,153,1,287.8
682,-1.8,-1.073,2.67687,0.05,200,0,288.3
683,-1.525,-1.0675,2.290492,0.05,200,0,288.8
684,-1.6,-1.069,2.519869,0.05,200,0,289.3
685,-1.55,-1.2823,2.718406,0.05,200,0,289.8
686,-1.6,-1.2773,2.085008,0.05,200,0,290.3
687,-1.775,-1.2803,2.416235,0.05,200,0,290.8
688,-1.65,-1.2763,2.612934,0.05,200,0,291.3
689,-1.75,-1.2798,3.028995,0.05,200,0,291.8
690,-1.65,-1.2793,2.521922,0.05,200,0,292.2
691,-1.8,-1.2793,2.455982,0.05,200,0,292.8
692,-1.7,-1.2773,2.301225,0.05,200,0,293.3
693,-1.7,-1.2758,2.657762,0.05,200,0,293.9
694,9.645,-1.0484,2.192242,0.05,54,1,294.2
695,-1.825,-1.0499,2.336352,0.05,200,0,294.7
696,-1.65,-1.0499,2.412188,0.05,200,0,295.2
697,9.145,-0.8325,2.82368,0.05,124,1,295.5
698,8.495,-0.6276,2.613514,0.05,184,1,296.0
699,-1.7,-0.6281,1.765951,0.05,200,0,296.5
700,-1.8,-0.6281,2.566842,0.05,200,0,297.0
701,-1.75,-0.6306,2.489404,0.05,200,0,297.5
702,-1.75,-0.6291,1.968276,0.05,200,0,298.0
703,-1.75,-0.6271,1.983126,0.05,200,0,298.5
704,-1.775,-0.6281,2.649556,0.05,200,0,299.0
705,-1.575,-0.6256,1.706451,0.05,200,0,299.5
706,8.5,-0.4236,2.009298,0.05,176,1,299.9
707,-1.775,-0.4241,2.403284,0.05,200,0,300.4
708,8.635,-0.2154,1.713379,0.05,180,1,300.9
709,9.3,0.0046,2.417781,0.05,101,1,301.1
710,-1.8,-0.0014,2.260099,0.05,200,0,301.6
711,-1.75,0.0001,2.261736,0.05,200,0,302.1
712,8.605,0.2097,2.51512,0.05,173,1,302.5
713,-1.65,0.2142,2.115185,0.05,200,0,303.0
714,8.75,0.4237,2.655356,0.05,161,1,303.4
715,-1.7,0.4227,2.057971,0.05,200,0,303.9
716,-1.825,0.4192,2.077944,0.05,200,0,304.4
717,-1.8,0.4152,1.9751,0.05,200,0,304.9
718,-1.725,0.4122,1.864404,0.05,200,0,305.4
719,9.65,0.6402,2.632524,0.05,66,1,305.6
720,-1.625,0.4176,1.829736,0.05,200,0,306.1
721,-1.625,0.4216,1.699728,0.05,200,0,306.6
722,-1.65,0.4266,2.169581,0.05,200,0,307.1
723,-1.775,0.4271,1.601396,0.05,200,0,307.6
724,-1.825,0.4251,1.878442,0.05,200,0,308.3
725,-1.625,0.4251,1.756253,0.05,200,0,308.8
726,-1.625,0.4261,1.961645,0.05,200,0,309.2
727,-1.75,0.4231,1.788503,0.05,200,0,309.7
728,-1.7,0.4251,1.906631,0.05,200,0,310.2
729,8.845,0.6345,2.540736,0.05,139,1,310.6
730,-1.775,0.6335,1.589769,0.05,200,0,311.1
731,-1.6,0.4259,1.660389,0.05,200,0,311.6
732,-1.8,0.4259,1.786453,0.05,200,0,312.1
733,-1.825,0.4199,1.785116,0.05,200,0,312.6
734,-1.775,0.4164,1.5381,0.05,200,0,313.1
735,-1.925,0.4089,1.889234,0.05,200,0,313.6
736,-1.85,0.4039,1.593124,0.05,200,0,314.1
737,-1.8,0.4034,1.414011,0.05,200,0,314.6
738,-1.85,0.3994,2.141363,0.05,200,0,315.2
739,-1.925,0.3959,2.445795,0.05,200,0,315.7
740,-1.75,0.3939,1.8684,0.05,200,0,316.2
741,-1.825,0.3934,2.075074,0.05,200,0,316.6
742,-1.775,0.3919,2.172253,0.05,200,0,317.1
743,-1.775,0.3904,1.624066,0.05,200,0,317.6
744,-1.8,0.1615,1.694298,0.05,200,0,318.1
745,-1.7,0.164,2.183926,0.05,200,0,318.6
746,-1.725,0.1625,1.894754,0.05,200,0,319.1
747,-1.825,-0.0569,1.857148,0.05,200,0,319.6
748,-1.675,-0.2603,2.252582,0.05,200,0,320.0
749,-1.75,-0.2613,1.402005,0.05,200,0,320.5
750,-1.775,-0.2608,1.66676,0.05,200,0,321.0
751,-1.725,-0.2603,2.390174,0.05,200,0,321.5
752,-1.8,-0.2613,1.738136,0.05,200,0,322.0
753,-1.675,-0.2598,1.878066,0.05,200,0,322.5
754,-1.675,-0.2578,2.088747,0.05,200,0,323.0
755,-1.65,-0.2593,2.274796,0.05,200,0,323.5
756,-1.675,-0.4628,1.696195,0.05,200,0,324.1
757,-1.8,-0.4633,1.863107,0.05,200,0,324.6
758,-1.675,-0.6695,1.954664,0.05,200,0,325.1
759,-1.775,-0.891,2.153829,0.05,200,0,325.6
760,-1.825,-0.8915,1.627722,0.05,200,0,326.1
761,-1.775,-0.892,2.27497,0.05,200,0,326.5
762,9.625,-0.8716,2.115052,0.05,66,1,326.7
763,-1.725,-0.8731,2.44309,0.05,200,0,327.2
764,-1.7,-1.0821,1.876729,0.05,200,0,327.6
765,9.99,-0.8483,0.837254,0.05,17,1,327.7
766,-1.875,-0.8493,2.079691,0.05,200,0,328.1
767,-1.825,-0.8498,2.329695,0.05,200,0,328.6
768,-1.825,-0.8518,1.960646,0.05,200,0,329.1
769,-1.825,-1.0813,2.196573,0.05,200,0,329.5
770,-1.725,-1.0833,2.648209,0.05,200,0,330.0
771,-1.65,-1.0838,2.38998,0.05,200,0,330.5
772,-1.675,-1.0843,2.306189,0.05,200,0,330.9
773,-1.8,-1.0848,2.482159,0.05,200,0,331.4
774,-1.8,-1.0843,1.819858,0.05,200,0,331.9
775,-1.775,-1.0873,2.078226,0.05,200,0,332.4
776,-1.725,-1.0893,2.401364,0.05,200,0,332.9
777,-1.775,-1.0898,2.053682,0.05,200,0,333.4
778,9.785,-0.8601,2.755843,0.05,45,1,333.5
779,8.25,-0.872,1.649117,0.05,196,1,334.0
780,-1.725,-0.871,1.977562,0.05,200,0,334.5
781,-1.65,-0.872,1.903833,0.05,200,0,335.1
782,-1.725,-0.8705,2.190752,0.05,200,0,335.6
783,-1.825,-0.8705,2.03185,0.05,200,0,336.1
784,8.445,-0.6661,2.552026,0.05,184,1,336.5
785,-1.7,-0.6616,1.617204,0.05,200,0,337.0
786,-1.65,-0.6576,2.215261,0.05,200,0,337.5
787,-1.7,-0.6556,2.160038,0.05,200,0,338.0
788,-1.7,-0.6526,2.091787,0.05,200,0,338.4
789,-1.725,-0.6486,1.747932,0.05,200,0,338.9
790,-1.75,-0.6486,2.508384,0.05,200,0,339.4
791,-1.7,-0.6461,2.076843,0.05,200,0,339.8
792,-1.775,-0.6461,2.120085,0.05,200,0,340.3
793,-1.825,-0.6471,2.150389,0.05,200,0,340.8
794,-1.65,-0.6441,2.584762,0.05,200,0,341.3
795,-1.85,-0.6471,2.143992,0.05,200,0,341.8
796,-1.625,-0.6451,2.86541,0.05,200,0,342.3
797,-1.675,-0.6421,1.764628,0.05,200,0,342.8
798,-1.85,-0.6456,2.683133,0.05,200,0,343.3
799,-1.775,-0.6461,2.481158,0.05,200,0,343.7
800,-1.7,-0.6446,2.068879,0.05,200,0,344.2
801,-1.65,-0.6431,2.586549,0.05,200,0,344.7
802,-1.7,-0.6411,2.441445,0.05,200,0,345.2
803,-1.8,-0.6436,2.231278,0.05,200,0,345.7
804,-1.825,-0.6466,2.351947,0.05,200,0,346.2
805,-1.65,-0.6466,1.937282,0.05,200,0,346.7
806,-1.8,-0.6491,2.55656,0.05,200,0,347.1
807,8.785,-0.4374,2.072088,0.05,150,1,347.5
808,-1.775,-0.4394,2.442444,0.05,200,0,348.0
809,-1.8,-0.4399,2.412278,0.05,200,0,348.4
810,-1.75,-0.4384,2.157484,0.05,200,0,348.9
811,-1.725,-0.4374,1.801288,0.05,200,0,349.4
812,9.65,-0.4369,2.407879,0.05,61,1,349.5
813,-1.75,-0.4374,2.680259,0.05,200,0,350.0
814,-1.8,-0.4394,2.010058,0.05,200,0,350.5
815,-1.775,-0.6747,2.463809,0.05,200,0,351.0
816,-1.8,-0.6732,2.217432,0.05,200,0,351.5
817,-1.825,-0.6732,2.236994,0.05,200,0,351.9
818,-1.75,-0.6717,1.962383,0.05,200,0,352.4
819,-1.8,-0.6712,3.067649,0.05,200,0,352.9
820,-1.775,-0.6722,2.488915,0.05,200,0,353.4
821,8.8,-0.4632,2.322721,0.05,146,1,353.8
822,-1.775,-0.4652,2.241151,0.05,200,0,354.3
823,-1.825,-0.4657,2.552761,0.05,200,0,354.8
824,-1.7,-0.4637,2.549807,0.05,200,0,355.3
825,-1.775,-0.4637,1.669323,0.05,200,0,355.7
826,-1.85,-0.4662,2.655474,0.05,200,0,356.2
827,-1.85,-0.4677,2.258518,0.05,200,0,356.7
828,-1.65,-0.6964,2.042427,0.05,200,0,357.2
829,8.905,-0.6833,2.025511,0.05,143,1,357.6
830,-1.8,-0.6848,2.473515,0.05,200,0,358.2
831,-1.8,-0.6878,1.885566,0.05,200,0,358.7
832,-1.75,-0.6883,2.060441,0.05,200,0,359.2
833,-1.7,-0.6858,2.684248,0.05,200,0,359.7
834,-1.8,-0.8907,2.162375,0.05,200,0,360.2
835,-1.75,-0.8917,2.314413,0.05,200,0,360.7
836,-1.7,-0.8927,2.122886,0.05,200,0,361.3
837,-1.75,-0.8937,2.305462,0.05,200,0,361.8
838,-1.7,-0.8937,2.738557,0.05,200,0,362.3
839,-1.775,-0.8947,2.534717,0.05,200,0,362.9
840,-1.825,-0.8962,2.318418,0.05,200,0,363.4
841,-1.75,-0.8972,2.358753,0.05,200,0,363.9
842,-1.775,-0.8972,3.055846,0.05,200,0,364.5
843,9.385,-0.673,2.258898,0.05,85,1,364.7
844,9.47,-0.4506,1.99219,0.05,84,1,364.9
845,8.49,-0.2438,2.764089,0.05,172,1,365.3
846,-1.75,-0.2463,2.314801,0.05,200,0,365.8
847,-1.65,-0.2458,2.447582,0.05,200,0,366.3
848,-1.625,-0.2413,2.069402,0.05,200,0,366.8
849,8.73,-0.0312,1.564528,0.05,158,1,367.2
850,-1.925,-0.0357,2.156425,0.05,200,0,367.7
851,-1.8,-0.0387,2.521902,0.05,200,0,368.2
852,-1.85,-0.0417,2.130982,0.05,200,0,368.8
853,-1.85,-0.0427,2.471316,0.05,200,0,369.2
854,-1.75,-0.0412,2.859981,0.05,200,0,369.7
855,-1.8,-0.0442,2.412827,0.05,200,0,370.2
856,-1.725,-0.0427,2.325816,0.05,200,0,370.7
857,-1.9,-0.2564,1.944117,0.05,200,0,371.2
858,-1.675,-0.2544,2.355942,0.05,200,0,371.6
859,-1.525,-0.2489,2.366318,0.05,200,0,372.1
860,-1.7,-0.2479,2.191629,0.05,200,0,372.6
861,-1.65,-0.2464,2.265028,0.05,200,0,373.1
862,-1.75,-0.4744,2.241414,0.05,200,0,373.5
863,-1.85,-0.4764,2.176088,0.05,200,0,374.0
864,-1.8,-0.4764,2.375806,0.05,200,0,374.5
865,-1.75,-0.4759,1.965554,0.05,200,0,375.0
866,-1.775,-0.4754,2.679459,0.05,200,0,375.4
867,9.38,-0.2513,1.569174,0.05,88,1,375.7
868,9.295,-0.0304,2.385137,0.05,89,1,375.9
869,-1.725,-0.0289,2.308475,0.05,200,0,376.4
870,-1.8,-0.0294,1.888869,0.05,200,0,376.9
871,-1.775,-0.2409,2.390687,0.05,200,0,377.4
872,-1.625,-0.2379,1.878905,0.05,200,0,377.8
873,-1.725,-0.2359,2.429884,0.05,200,0,378.3
874,-1.725,-0.2364,2.509775,0.05,200,0,378.8
875,-1.825,-0.2374,2.26122,0.05,200,0,379.3
876,-1.85,-0.2374,2.254518,0.05,200,0,379.8
877,9.93,-0.0018,1.722641,0.05,23,1,379.9
878,-1.8,-0.0048,2.710166,0.05,200,0,380.4
879,-1.775,-0.2184,2.311217,0.05,200,0,380.9
880,-1.8,-0.2184,1.730219,0.05,200,0,381.3
881,-1.825,-0.2189,1.680742,0.05,200,0,381.8
882,-1.85,-0.2209,1.961055,0.05,200,0,382.3
883,-1.75,-0.2219,1.817815,0.05,200,0,382.8
884,-1.9,-0.2239,2.134141,0.05,200,0,383.2
885,9.99,0.0109,2.088698,0.05,12,1,383.3
886,-1.875,0.0074,2.660782,0.05,200,0,383.7
887,-1.7,0.0084,2.01138,0.05,200,0,384.2
888,-1.825,0.0059,2.568198,0.05,200,0,384.7
889,-1.9,0.0034,1.602742,0.05,200,0,385.1
890,-1.8,0.0039,2.730342,0.05,200,0,385.6
891,-1.8,0.0029,2.269252,0.05,200,0,386.1
892,-1.825,0.0019,2.498775,0.05,200,0,386.6
893,-1.825,-0.2223,2.525283,0.05,200,0,387.1
894,-1.825,-0.4482,2.092292,0.05,200,0,387.6
895,8.87,-0.4406,2.580417,0.05,139,1,387.9
896,-1.675,-0.4391,1.989503,0.05,200,0,388.4
897,-1.775,-0.4416,2.393223,0.05,200,0,388.9
898,-1.85,-0.4461,1.73324,0.05,200,0,389.4
899,-1.825,-0.6572,2.058426,0.05,200,0,389.9
900,-1.925,-0.6572,1.924242,0.05,200,0,390.4
901,-1.875,-0.6587,2.48271,0.05,200,0,390.9
902,-1.75,-0.6567,2.029144,0.05,200,0,391.4
903,-1.775,-0.6552,2.622312,0.05,200,0,391.9
904,-1.7,-0.6542,1.82728,0.05,200,0,392.3
905,-1.85,-0.6552,2.625458,0.05,200,0,392.8
906,9.16,-0.4375,2.822236,0.05,105,1,393.1
907,8.345,-0.2326,1.698203,0.05,199,1,393.5
908,8.38,-0.0315,1.587609,0.05,183,1,394.0
909,8.745,0.1739,2.185374,0.05,154,1,394.3
910,-1.75,0.1729,1.940876,0.05,200,0,394.8
911,-1.725,0.1714,2.699251,0.05,200,0,395.3
912,8.395,0.3743,2.072138,0.05,179,1,395.7
913,-1.825,0.3748,1.979542,0.05,200,0,396.2
914,-1.825,0.3743,2.146083,0.05,200,0,396.7
915,9.655,0.6024,2.759204,0.05,53,1,396.8
916,-1.825,0.6014,2.186921,0.05,200,0,397.3
917,-1.85,0.3768,2.032962,0.05,200,0,397.8
918,-1.85,0.1539,2.216046,0.05,200,0,398.3
919,-1.85,0.1514,2.344052,0.05,200,0,398.8
920,-1.775,0.1519,2.740085,0.05,200,0,399.3
921,-1.825,0.1509,2.25629,0.05,200,0,399.8
922,-1.825,0.1469,1.973789,0.05,200,0,400.3
923,-1.7,0.1474,2.219015,0.05,200,0,400.8
924,-1.825,0.1454,2.671938,0.05,200,0,401.3
925,-1.725,0.1474,3.482755,0.05,200,0,401.7
926,-1.775,0.1489,2.060516,0.05,200,0,402.2
927,-1.875,-0.0872,2.719523,0.05,200,0,402.7
928,-1.925,-0.0897,2.646897,0.05,200,0,403.1
929,-1.825,-0.0907,3.140089,0.05,200,0,403.6
930,-1.975,-0.0942,2.568087,0.05,200,0,404.1
931,-1.8,-0.0937,2.483979,0.05,200,0,404.6
932,-1.575,-0.0882,2.410462,0.05,200,0,405.0
933,-1.7,-0.0872,2.64682,0.05,200,0,405.5
934,-1.875,-0.0867,2.938326,0.05,200,0,406.0
935,-1.725,-0.321,2.411377,0.05,200,0,406.4
936,-1.825,-0.32,2.683689,0.05,200,0,406.9
937,-1.875,-0.3235,2.569644,0.05,200,0,407.4
938,-1.85,-0.324,2.338449,0.05,200,0,407.9
939,-1.75,-0.321,2.137199,0.05,200,0,408.4
940,-1.625,-0.3175,2.408907,0.05,200,0,408.9
941,-1.9,-0.3195,2.529544,0.05,200,0,409.4
942,-1.8,-0.319,2.493929,0.05,200,0,409.9
943,-1.7,-0.3165,2.306009,0.05,200,0,410.4
944,-1.725,-0.3145,2.21274,0.05,200,0,410.9
945,-1.75,-0.5269,1.941834,0.05,200,0,411.4
946,-1.7,-0.5274,2.21372,0.05,200,0,411.8
947,-1.7,-0.5259,2.416781,0.05,200,0,412.3
948,-1.65,-0.5219,2.220811,0.05,200,0,412.8
949,-1.65,-0.5184,1.785731,0.05,200,0,413.2
950,8.44,-0.3111,2.80013,0.05,192,1,413.7
951,-1.675,-0.3071,2.03771,0.05,200,0,414.2
952,8.64,-0.0993,2.471275,0.05,167,1,414.6
953,-1.775,-0.0993,3.091232,0.05,200,0,415.0
954,-1.675,-0.0988,2.756089,0.05,200,0,415.5
955,-1.625,-0.0943,2.670467,0.05,200,0,416.0
956,-1.725,-0.312,2.195969,0.05,200,0,416.4
957,-1.65,-0.5119,2.513462,0.05,200,0,416.9
958,-1.625,-0.712,2.434663,0.05,200,0,417.4
959,-1.775,-0.9224,2.310789,0.05,200,0,417.9
960,-1.65,-0.9204,2.713493,0.05,200,0,418.4
961,8.95,-0.7069,3.652229,0.05,146,1,418.8
962,-1.65,-0.9078,3.053897,0.05,200,0,419.2
963,-1.725,-0.9058,2.945645,0.05,200,0,419.7
964,-1.7,-0.9033,3.836418,0.05,200,0,420.2
965,-1.625,-1.1289,2.423886,0.05,200,0,420.7
966,-1.575,-1.1239,3.473391,0.05,200,0,421.2
967,-1.75,-1.1219,3.067455,0.05,200,0,421.7
968,8.62,-0.9125,2.761844,0.05,164,1,422.1
969,-1.625,-0.908,2.146551,0.05,200,0,422.6
970,-1.75,-0.9075,2.984225,0.05,200,0,423.1
971,-1.775,-0.9065,3.671396,0.05,200,0,423.5
972,-1.675,-0.9035,2.438993,0.05,200,0,424.0
973,-1.725,-0.904,3.304423,0.05,200,0,424.5
974,-1.7,-0.9015,3.045831,0.05,200,0,425.0
975,-1.75,-0.902,2.919413,0.05,200,0,425.4
976,-1.65,-0.8995,3.21539,0.05,200,0,425.9
977,-1.675,-0.8955,2.883175,0.05,200,0,426.4
978,-1.7,-0.891,3.038223,0.05,200,0,426.8
979,-1.675,-0.888,2.756337,0.05,200,0,427.3
980,-1.725,-0.883,2.606212,0.05,200,0,427.9
981,-1.725,-0.8815,2.856335,0.05,200,0,428.4
982,-1.675,-0.8835,3.712884,0.05,200,0,429.1
983,-1.65,-0.8825,2.956664,0.05,200,0,429.6
984,-1.875,-0.8825,3.68615,0.05,200,0,430.0
985,-1.65,-0.881,2.456795,0.05,200,0,430.5
986,-1.775,-0.88,2.96418,0.05,200,0,431.0
987,-1.775,-0.878,3.118562,0.05,200,0,431.5
988,-1.75,-0.876,3.50413,0.05,200,0,431.9
989,9.61,-0.6488,4.423363,0.05,55,1,432.1
990,-1.825,-0.6528,3.139504,0.05,200,0,432.5
991,-1.7,-0.6488,3.528056,0.05,200,0,433.0
992,-1.725,-0.6473,2.545323,0.05,200,0,433.5
993,-1.7,-0.6473,3.863982,0.05,200,0,433.9
994,-1.725,-0.6473,2.627404,0.05,200,0,434.4
995,-1.8,-0.6483,2.159541,0.05,200,0,434.9
996,-1.875,-0.6518,3.10772,0.05,200,0,435.4
997,-1.825,-0.6543,3.441527,0.05,200,0,435.9
998,-1.7,-0.6553,3.633341,0.05,200,0,436.4
999,-1.85,-0.6593,2.801078,0.05,200,0,436.8
1000,8.54,-0.6573,3.036987,0.05,162,1,437.2
1001,-1.875,-0.6613,2.633591,0.05,200,0,437.8
1002,-1.875,-0.8716,3.292279,0.05,200,0,438.4
1003,-1.8,-0.8721,3.127327,0.05,200,0,438.9
1004,-1.725,-0.8731,3.267414,0.05,200,0,439.4
1005,-1.775,-0.8761,2.789493,0.05,200,0,439.8
1006,-1.7,-0.8756,3.089273,0.05,200,0,440.3
1007,-1.9,-0.8806,2.888156,0.05,200,0,440.8
1008,-1.675,-0.8816,3.41949,0.05,200,0,441.3
1009,-1.775,-0.8816,3.15043,0.05,200,0,441.7
1010,-1.7,-0.8826,4.102565,0.05,200,0,442.2
1011,-1.7,-1.0956,3.104801,0.05,200,0,442.7
1012,-1.775,-1.0981,3.298018,0.05,200,0,443.1
1013,-1.7,-1.0976,3.373096,0.05,200,0,443.6
1014,-1.825,-1.1001,2.692002,0.05,200,0,444.1
1015,-1.7,-1.1016,3.955439,0.05,200,0,444.5
1016,-1.775,-1.1056,2.688159,0.05,200,0,445.0
1017,-1.8,-1.1066,3.073492,0.05,200,0,445.5
1018,-1.775,-1.3145,3.263157,0.05,200,0,446.0
1019,-1.65,-1.315,2.762905,0.05,200,0,446.5
1020,-1.775,-1.3155,3.034784,0.05,200,0,447.0
1021,-1.7,-1.314,2.388324,0.05,200,0,447.5
1022,-1.675,-1.314,3.107501,0.05,200,0,448.0
1023,-1.825,-1.316,3.422436,0.05,200,0,448.5
1024,-1.825,-1.3185,3.274366,0.05,200,0,449.0
1025,-1.825,-1.32,2.741235,0.05,200,0,449.6
1026,-1.85,-1.324,2.641079,0.05,200,0,450.1
1027,-1.825,-1.327,2.462053,0.05,200,0,450.6
1028,-1.775,-1.3285,3.303551,0.05,200,0,451.1
1029,-1.875,-1.3325,3.610015,0.05,200,0,451.6
1030,-1.875,-1.3355,3.273841,0.05,200,0,452.1
1031,-1.75,-1.336,2.262385,0.05,200,0,452.6
1032,-1.625,-1.335,2.785427,0.05,200,0,453.1
1033,-1.65,-1.335,3.237139,0.05,200,0,453.6
1034,-1.9,-1.3355,3.126124,0.05,200,0,454.2
1035,-1.7,-1.3365,3.019032,0.05,200,0,454.7
1036,-1.675,-1.3345,2.8517,0.05,200,0,455.2
1037,-1.725,-1.3335,2.833633,0.05,200,0,455.7
1038,-1.7,-1.3325,3.093017,0.05,200,0,456.2
1039,-1.675,-1.5582,2.720586,0.05,200,0,456.7
1040,-1.825,-1.5582,2.696868,0.05,200,0,457.2
1041,-1.8,-1.5602,2.076718,0.05,200,0,457.7
1042,-1.75,-1.5607,2.843583,0.05,200,0,458.2
1043,8.38,-1.3591,2.94135,0.05,198,1,458.7
1044,-1.8,-1.3606,2.821542,0.05,200,0,459.1
1045,8.43,-1.156,2.080885,0.05,198,1,459.6
1046,-1.65,-1.1515,2.356427,0.05,200,0,460.1
1047,-1.625,-1.1475,2.519387,0.05,200,0,460.5
1048,-1.825,-1.15,2.91744,0.05,200,0,461.0
1049,-1.675,-1.1465,2.615576,0.05,200,0,461.5
1050,-1.7,-1.3513,2.489403,0.05,200,0,461.9
1051,-1.725,-1.3483,2.239968,0.05,200,0,462.4
1052,-1.725,-1.3453,2.697951,0.05,200,0,462.9
1053,-1.6,-1.3413,2.918876,0.05,200,0,463.4
1054,-1.625,-1.3393,2.871034,0.05,200,0,463.9
1055,-1.7,-1.3378,1.991319,0.05,200,0,464.4
1056,8.65,-1.1308,2.52767,0.05,161,1,464.8
1057,-1.725,-1.1273,2.758083,0.05,200,0,465.3
1058,-1.8,-1.1298,2.393809,0.05,200,0,465.8
1059,-1.675,-1.1278,2.422487,0.05,200,0,466.3
1060,8.745,-0.9189,2.898998,0.05,149,1,466.7
1061,-1.775,-0.9204,2.885127,0.05,200,0,467.2
1062,-1.7,-0.9189,2.513192,0.05,200,0,467.8
1063,-1.625,-0.9174,3.193845,0.05,200,0,468.3
1064,-1.8,-0.9169,2.750929,0.05,200,0,468.8
1065,-1.8,-0.9189,3.016564,0.05,200,0,469.3
1066,-1.8,-0.9194,2.892959,0.05,200,0,469.8
1067,-1.725,-0.9179,3.114977,0.05,200,0,470.2
1068,8.84,-0.7056,3.089922,0.05,147,1,470.6
1069,-1.55,-0.7036,1.773851,0.05,200,0,471.1
1070,-1.8,-0.7041,3.075931,0.05,200,0,471.5
1071,-1.75,-0.7051,2.809056,0.05,200,0,472.1
1072,8.71,-0.4974,2.277178,0.05,155,1,472.5
1073,-1.725,-0.4954,2.440475,0.05,200,0,473.0
1074,9.415,-0.2706,2.308902,0.05,77,1,473.2
1075,-1.825,-0.2706,2.821274,0.05,200,0,473.7
1076,-1.8,-0.2696,2.477999,0.05,200,0,474.2
1077,-1.65,-0.2661,2.594134,0.05,200,0,474.7
1078,-1.75,-0.2656,2.627394,0.05,200,0,475.2
1079,-1.625,-0.2606,2.305415,0.05,200,0,475.6
1080,-1.75,-0.2581,2.80436,0.05,200,0,476.1
1081,8.45,-0.0541,2.086284,0.05,181,1,476.5
1082,-1.775,-0.0571,2.36787,0.05,200,0,477.0
1083,-1.775,-0.0596,2.74826,0.05,200,0,477.5
1084,-1.75,-0.0566,2.480427,0.05,200,0,478.0
1085,-1.7,-0.0566,2.903855,0.05,200,0,478.4
1086,-1.825,-0.0596,2.544257,0.05,200,0,478.9
1087,-1.775,-0.0606,3.031235,0.05,200,0,479.4
1088,-1.8,-0.0626,2.548137,0.05,200,0,479.9
1089,-1.825,-0.0656,2.68159,0.05,200,0,480.3
1090,-1.775,-0.0646,3.430233,0.05,200,0,480.8
1091,-1.8,-0.0646,2.773679,0.05,200,0,481.3
1092,-1.75,-0.0646,2.911097,0.05,200,0,481.8
1093,-1.675,-0.2657,2.599121,0.05,200,0,482.3
1094,-1.725,-0.2642,3.135084,0.05,200,0,482.8
1095,-1.8,-0.4688,3.119228,0.05,200,0,483.3
1096,-1.875,-0.4733,3.033915,0.05,200,0,483.8
1097,-1.8,-0.4768,2.296619,0.05,200,0,484.3
1098,-1.75,-0.4753,2.447377,0.05,200,0,484.8
1099,-1.75,-0.4768,2.016714,0.05,200,0,485.3
1100,-1.8,-0.4788,2.840755,0.05,200,0,485.8
1101,-1.575,-0.4758,2.876252,0.05,200,0,486.3
1102,-1.8,-0.4773,2.603908,0.05,200,0,486.8
1103,-1.6,-0.4773,3.175901,0.05,200,0,487.2
1104,-1.7,-0.4788,2.438308,0.05,200,0,487.8
1105,-1.75,-0.4798,2.71753,0.05,200,0,488.3
1106,9.6,-0.4608,3.245976,0.05,66,1,488.5
1107,-1.675,-0.4598,2.054773,0.05,200,0,489.0
1108,-1.7,-0.4578,2.807752,0.05,200,0,489.5
1109,-1.825,-0.4608,2.559719,0.05,200,0,490.0
1110,-1.575,-0.6672,2.583223,0.05,200,0,490.5
1111,8.66,-0.4585,2.759173,0.05,170,1,491.0
1112,-1.9,-0.4625,2.639888,0.05,200,0,491.5
1113,-1.95,-0.469,2.443857,0.05,200,0,492.0
1114,-1.75,-0.468,3.244432,0.05,200,0,492.5
1115,-1.7,-0.466,2.37477,0.05,200,0,493.0
1116,-1.6,-0.462,2.884296,0.05,200,0,493.5
1117,8.74,-0.2527,3.123413,0.05,152,1,493.8
1118,9.16,-0.2463,2.341156,0.05,135,1,494.2
1119,-1.8,-0.2513,2.335796,0.05,200,0,494.6
1120,-1.725,-0.2498,2.642772,0.05,200,0,495.1
1121,-1.725,-0.2493,2.602201,0.05,200,0,495.6
1122,-1.95,-0.4625,2.552013,0.05,200,0,496.1
1123,-1.65,-0.461,3.399611,0.05,200,0,496.6
1124,-1.825,-0.6858,2.10523,0.05,200,0,497.0
1125,-1.9,-0.6873,2.643952,0.05,200,0,497.5
1126,-1.9,-0.6893,3.064623,0.05,200,0,498.0
1127,-1.725,-0.6908,3.545662,0.05,200,0,498.4
1128,-1.875,-0.6933,2.25917,0.05,200,0,498.9
1129,-1.775,-0.6963,3.368376,0.05,200,0,499.4
1130,-1.85,-0.6983,3.751152,0.05,200,0,499.9
1131,-1.65,-0.9003,3.204577,0.05,200,0,500.4
1132,-1.75,-0.8998,2.867743,0.05,200,0,500.9
1133,-1.775,-0.8998,3.525716,0.05,200,0,501.4
1134,-1.8,-0.9008,3.770531,0.05,200,0,501.8
1135,-1.85,-0.9038,3.344973,0.05,200,0,502.3
1136,-1.725,-0.9018,2.917303,0.05,200,0,502.8
1137,-1.75,-0.9013,3.369271,0.05,200,0,503.3
1138,-1.6,-0.8973,3.629378,0.05,200,0,503.8
1139,-1.9,-0.8988,3.357814,0.05,200,0,504.3
1140,-1.725,-0.8978,4.103679,0.05,200,0,504.8
1141,-1.7,-0.8958,3.543953,0.05,200,0,505.3
1142,-1.6,-0.8928,3.239537,0.05,200,0,505.7
1143,-1.75,-0.8943,3.839782,0.05,200,0,506.2
1144,-1.875,-0.8973,3.752978,0.05,200,0,506.7
1145,-1.8,-0.8973,3.730477,0.05,200,0,507.1
1146,-1.7,-0.8938,3.669306,0.05,200,0,507.6
1147,-1.825,-0.8943,3.488589,0.05,200,0,508.1
1148,-1.775,-0.8948,3.492199,0.05,200,0,508.5
1149,-1.85,-0.8968,3.711349,0.05,200,0,509.0
1150,-1.7,-0.8948,4.191505,0.05,200,0,509.5
1151,-1.8,-0.8993,2.849696,0.05,200,0,510.0
1152,-1.775,-0.8988,3.4247,0.05,200,0,510.5
1153,-1.8,-0.9028,3.606497,0.05,200,0,511.0
1154,8.78,-0.6932,3.482868,0.05,168,1,511.4
1155,-1.65,-0.6912,3.255129,0.05,200,0,511.9
1156,-1.7,-0.9172,2.920887,0.05,200,0,512.3
1157,-1.75,-0.9187,3.396482,0.05,200,0,512.8
1158,-1.775,-0.9202,3.793077,0.05,200,0,513.3
1159,-1.7,-0.9177,3.550436,0.05,200,0,513.8
1160,-1.75,-0.9212,4.048788,0.05,200,0,514.3
1161,-1.725,-1.1289,4.397368,0.05,200,0,514.8
1162,-1.8,-1.1269,3.766492,0.05,200,0,515.3
1163,-1.675,-1.1214,3.400244,0.05,200,0,515.7
1164,-1.65,-1.1194,4.157134,0.05,200,0,516.2
1165,-1.85,-1.1224,3.731546,0.05,200,0,516.7
1166,-1.7,-1.1244,3.520004,0.05,200,0,517.2
1167,-1.725,-1.3337,3.76404,0.05,200,0,517.6
1168,-1.75,-1.5519,3.863893,0.05,200,0,518.1
1169,-1.725,-1.5504,4.774139,0.05,200,0,518.6
1170,-1.7,-1.5499,4.169662,0.05,200,0,519.0
1171,-1.55,-1.5464,4.078891,0.05,200,0,519.5
1172,-1.65,-1.5404,3.953941,0.05,200,0,520.0
1173,9.735,-1.3127,5.238066,0.05,55,1,520.1
1174,-1.75,-1.3112,4.712423,0.05,200,0,520.6
1175,-1.675,-1.3067,3.7334,0.05,200,0,521.1
1176,-1.675,-1.3022,4.484396,0.05,200,0,521.6
1177,-1.65,-1.3007,4.932254,0.05,200,0,522.1
1178,-1.675,-1.2967,4.956415,0.05,200,0,522.6
1179,-1.75,-1.2962,5.27397,0.05,200,0,523.1
1180,-1.575,-1.2907,3.882036,0.05,200,0,523.6
1181,-1.65,-1.2907,4.777365,0.05,200,0,524.1
1182,-1.7,-1.2897,4.446727,0.05,200,0,524.6
1183,8.73,-1.0796,4.202445,0.05,168,1,525.0
1184,-1.625,-1.0761,4.226557,0.05,200,0,525.5
1185,-1.725,-1.0736,4.029719,0.05,200,0,525.9
1186,-1.525,-1.0696,4.915976,0.05,200,0,526.4
1187,-1.875,-1.0721,4.110551,0.05,200,0,526.9
1188,-1.75,-1.0751,4.800275,0.05,200,0,527.3
1189,-1.775,-1.0726,3.977252,0.05,200,0,527.8
1190,-1.7,-1.0721,3.949222,0.05,200,0,528.3
1191,-1.525,-1.0686,4.392199,0.05,200,0,528.8
1192,-1.825,-1.0731,3.818588,0.05,200,0,529.2
1193,-1.65,-1.0711,4.193189,0.05,200,0,529.7
1194,-1.65,-1.0666,3.820257,0.05,200,0,530.2
1195,-1.675,-1.0641,4.997547,0.05,200,0,530.7
1196,8.87,-0.8527,3.714911,0.05,134,1,531.0
1197,9.685,-0.6225,4.307989,0.05,65,1,531.2
1198,-1.625,-0.6195,4.637599,0.05,200,0,531.7
1199,-1.6,-0.6145,4.654003,0.05,200,0,532.2
1200,8.355,-0.4134,4.523122,0.05,193,1,532.7
1201,-1.65,-0.4104,4.243498,0.05,200,0,533.2
1202,-1.825,-0.4114,5.17997,0.05,200,0,533.7
1203,-1.75,-0.4104,4.539668,0.05,200,0,534.2
1204,-1.75,-0.621,4.680268,0.05,200,0,534.7
1205,-1.775,-0.6235,4.172032,0.05,200,0,535.2
1206,-1.85,-0.6265,3.662289,0.05,200,0,535.7
1207,-1.725,-0.626,4.232733,0.05,200,0,536.2
1208,-1.65,-0.6235,3.478406,0.05,200,0,536.6
1209,-1.55,-0.6205,3.7847,0.05,200,0,537.1
1210,-1.675,-0.619,4.430158,0.05,200,0,537.6
1211,-1.85,-0.6215,3.852622,0.05,200,0,538.1
1212,-1.725,-0.62,4.650013,0.05,200,0,538.5
1213,-1.75,-0.6215,4.147786,0.05,200,0,539.0
1214,-1.7,-0.6225,4.378364,0.05,200,0,539.5
1215,-1.65,-0.6185,3.542098,0.05,200,0,539.9
1216,-1.775,-0.62,3.415888,0.05,200,0,540.4
1217,-1.75,-0.6205,4.697477,0.05,200,0,540.9
1218,-1.75,-0.6205,4.745008,0.05,200,0,541.4
1219,-1.75,-0.621,3.506579,0.05,200,0,541.9
1220,-1.775,-0.6225,4.54956,0.05,200,0,542.4
1221,-1.725,-0.626,4.310393,0.05,200,0,542.9
1222,-1.675,-0.6265,4.132965,0.05,200,0,543.4
1223,-1.65,-0.8542,3.987232,0.05,200,0,543.9
1224,-1.65,-0.8522,5.039444,0.05,200,0,544.4
1225,9.35,-0.6317,4.709261,0.05,101,1,544.6
1226,-1.7,-0.6322,4.256899,0.05,200,0,545.2
1227,-1.75,-0.6342,3.799575,0.05,200,0,545.8
1228,-1.75,-0.6357,3.720443,0.05,200,0,546.3
1229,-1.825,-0.6372,4.072833,0.05,200,0,546.8
1230,9.16,-0.4225,4.004755,0.05,100,1,547.0
1231,-1.775,-0.425,3.023302,0.05,200,0,547.6
1232,-1.75,-0.426,3.114654,0.05,200,0,548.2
1233,-1.775,-0.6361,4.456444,0.05,200,0,548.7
1234,-1.85,-0.6406,3.654385,0.05,200,0,549.3
1235,-1.75,-0.6411,4.109238,0.05,200,0,549.8
1236,8.915,-0.4323,4.152033,0.05,142,1,550.2
1237,-1.825,-0.4313,3.186723,0.05,200,0,550.7
1238,8.79,-0.2205,3.572463,0.05,147,1,551.1
1239,-1.75,-0.22,3.654559,0.05,200,0,551.6
1240,-1.775,-0.2215,4.486259,0.05,200,0,552.2
1241,-1.775,-0.2265,3.445793,0.05,200,0,552.7
1242,-1.6,-0.222,4.49106,0.05,200,0,553.2
1243,-1.75,-0.224,3.392302,0.05,200,0,553.7
1244,-1.675,-0.2245,3.51206,0.05,200,0,554.2
1245,-1.8,-0.227,3.85151,0.05,200,0,554.7
1246,-1.775,-0.4399,3.987084,0.05,200,0,555.2
1247,-1.775,-0.6691,3.472969,0.05,200,0,555.7
1248,-1.6,-0.6686,3.440034,0.05,200,0,556.2
1249,-1.7,-0.6706,3.869998,0.05,200,0,556.7
1250,9.17,-0.6543,2.862319,0.05,104,1,556.9
1251,-1.625,-0.6538,4.918528,0.05,200,0,557.4
1252,8.31,-0.4511,3.225192,0.05,200,1,557.9
1253,-1.65,-0.4491,4.278387,0.05,200,0,558.4
1254,-1.525,-0.4446,3.810915,0.05,200,0,558.9
1255,-1.575,-0.4406,3.370294,0.05,200,0,559.4
1256,-1.825,-0.4401,3.604266,0.05,200,0,559.9
1257,-1.575,-0.4371,4.655243,0.05,200,0,560.3
1258,-1.65,-0.4371,4.027028,0.05,200,0,560.8
1259,-1.775,-0.4416,3.640993,0.05,200,0,561.3
1260,8.615,-0.2358,4.577916,0.05,167,1,561.7
1261,-1.775,-0.2343,3.738766,0.05,200,0,562.1
1262,-1.75,-0.2348,4.567164,0.05,200,0,562.6
1263,-1.7,-0.2338,3.576437,0.05,200,0,563.1
1264,-1.75,-0.2348,3.249739,0.05,200,0,563.6
1265,-1.625,-0.2343,4.007416,0.05,200,0,564.0
1266,-1.725,-0.2333,4.008799,0.05,200,0,564.5
1267,-1.825,-0.2348,4.420251,0.05,200,0,565.0
1268,-1.825,-0.2363,4.016768,0.05,200,0,565.5
1269,-1.85,-0.2383,3.603944,0.05,200,0,566.0
1270,-1.675,-0.2363,3.628841,0.05,200,0,566.5
1271,-1.85,-0.2388,2.954252,0.05,200,0,567.0
1272,-1.725,-0.2398,3.770967,0.05,200,0,567.5
1273,-1.825,-0.2433,3.819848,0.05,200,0,568.0
1274,-1.6,-0.2423,4.130578,0.05,200,0,568.4
1275,-1.725,-0.4638,3.856755,0.05,200,0,568.9
1276,-1.65,-0.4628,3.388924,0.05,200,0,569.4
1277,-1.85,-0.4648,2.729865,0.05,200,0,569.9
1278,-1.925,-0.4683,3.580302,0.05,200,0,570.4
1279,-1.625,-0.4643,3.777992,0.05,200,0,570.9
1280,-1.55,-0.6785,3.503872,0.05,200,0,571.3
1281,-1.575,-0.6745,2.99606,0.05,200,0,571.8
1282,-1.775,-0.675,3.635787,0.05,200,0,572.3
1283,-1.85,-0.6765,3.760018,0.05,200,0,572.7
1284,-1.825,-0.676,4.840491,0.05,200,0,573.2
1285,9.88,-0.4434,3.725377,0.05,28,1,573.3
1286,-1.775,-0.6572,3.437459,0.05,200,0,573.8
1287,-1.75,-0.6557,2.81993,0.05,200,0,574.2
1288,-1.775,-0.867,3.882599,0.05,200,0,574.7
1289,-1.75,-0.867,3.783745,0.05,200,0,575.2
1290,-1.875,-0.869,4.764605,0.05,200,0,575.7
1291,-1.65,-0.8665,4.552579,0.05,200,0,576.2
1292,-1.75,-0.8695,4.244066,0.05,200,0,576.7
1293,-1.825,-0.871,3.431556,0.05,200,0,577.2
1294,-1.775,-0.873,2.982252,0.05,200,0,577.7
1295,-1.875,-0.8745,4.827539,0.05,200,0,578.2
1296,-1.85,-0.876,3.194647,0.05,200,0,578.7
1297,-1.875,-0.878,3.650715,0.05,200,0,579.1
1298,-1.875,-0.8835,3.386095,0.05,200,0,579.6
1299,-1.75,-0.8845,3.237972,0.05,200,0,580.1
1300,-1.675,-1.1014,3.17298,0.05,200,0,580.6
1301,-1.675,-1.1024,3.035101,0.05,200,0,581.1
1302,-1.55,-1.2996,3.678158,0.05,200,0,581.6
1303,-1.65,-1.2996,3.845041,0.05,200,0,582.0
1304,-1.65,-1.3021,4.014075,0.05,200,0,582.5
1305,9.385,-1.0829,2.676846,0.05,105,1,582.8
1306,9.395,-0.8585,3.913031,0.05,94,1,583.0
1307,-1.75,-0.862,3.716792,0.05,200,0,583.5
1308,-1.525,-0.8595,3.512918,0.05,200,0,583.9
1309,9.675,-0.6305,3.821966,0.05,66,1,584.1
1310,-1.55,-0.8338,3.862328,0.05,200,0,584.6
1311,-1.55,-0.8293,2.50659,0.05,200,0,585.0
1312,-1.65,-0.8273,3.713733,0.05,200,0,585.5
1313,-1.575,-0.8248,4.262223,0.05,200,0,586.0
1314,-1.6,-0.8218,3.752848,0.05,200,0,586.5
1315,-1.525,-0.8198,3.337056,0.05,200,0,587.0
1316,-1.6,-0.8173,3.031303,0.05,200,0,587.5
1317,-1.55,-0.8118,2.542523,0.05,200,0,588.0
1318,-1.675,-0.8088,3.088677,0.05,200,0,588.5
1319,-1.575,-0.8033,3.672757,0.05,200,0,589.0
1320,8.555,-0.5987,2.727704,0.05,168,1,589.4
1321,-1.75,-0.5967,2.66676,0.05,200,0,589.9
1322,-1.775,-0.5977,3.384487,0.05,200,0,590.4
1323,8.505,-0.3911,3.666089,0.05,173,1,590.8
1324,-1.8,-0.3951,3.27918,0.05,200,0,591.3
1325,-1.85,-0.3976,3.440684,0.05,200,0,591.8
1326,-1.65,-0.3976,2.819731,0.05,200,0,592.2
1327,-1.75,-0.3956,2.480632,0.05,200,0,592.8
1328,-1.8,-0.3931,3.094751,0.05,200,0,593.3
1329,-1.8,-0.3966,3.310144,0.05,200,0,593.8
1330,9.64,-0.1728,2.391554,0.05,67,1,593.9
1331,-1.825,-0.1778,3.053587,0.05,200,0,594.4
1332,-1.825,-0.1788,2.687873,0.05,200,0,594.9
1333,-1.775,-0.1773,3.065536,0.05,200,0,595.4
1334,-1.825,-0.1773,3.415685,0.05,200,0,595.9
1335,-1.7,-0.4089,3.21166,0.05,200,0,596.4
1336,-1.55,-0.4044,2.875653,0.05,200,0,596.9
1337,-1.75,-0.4044,2.530759,0.05,200,0,597.4
1338,-1.6,-0.4009,2.825563,0.05,200,0,597.9
1339,9.875,-0.1684,1.613184,0.05,31,1,598.0
1340,-1.875,-0.1684,2.569831,0.05,200,0,598.5
1341,-1.825,-0.1719,3.243703,0.05,200,0,599.0
1342,-1.8,-0.1729,3.687245,0.05,200,0,599.5
1343,-1.625,-0.1689,3.381936,0.05,200,0,599.9
1344,-1.825,-0.1699,2.71489,0.05,200,0,600.4
1345,-1.625,-0.1649,2.898564,0.05,200,0,600.9
1346,-1.825,-0.1644,2.70858,0.05,200,0,601.4
1347,-1.7,-0.1609,3.599987,0.05,200,0,601.8
1348,-1.7,-0.1574,2.474159,0.05,200,0,602.3
1349,-1.725,-0.1569,2.803453,0.05,200,0,602.8
1350,-1.9,-0.1614,2.859725,0.05,200,0,603.2
1351,-1.675,-0.1614,2.935691,0.05,200,0,603.7
1352,-1.85,-0.1674,2.642254,0.05,200,0,604.2
1353,-1.75,-0.1694,3.641996,0.05,200,0,604.6
1354,-1.7,-0.1704,2.735586,0.05,200,0,605.1
1355,-1.85,-0.3951,2.24279,0.05,200,0,605.6
1356,-1.8,-0.619,3.01571,0.05,200,0,606.1
1357,-1.725,-0.6185,3.151257,0.05,200,0,606.6
1358,-1.625,-0.6205,3.396326,0.05,200,0,607.1
1359,-1.725,-0.8485,3.151203,0.05,200,0,607.6
1360,-1.725,-0.852,3.198815,0.05,200,0,608.2
1361,9.66,-0.6278,2.521304,0.05,55,1,608.3
1362,-1.5,-0.6248,2.819994,0.05,200,0,608.8
1363,-1.825,-0.6298,3.110414,0.05,200,0,609.3
1364,-1.75,-0.6328,2.456923,0.05,200,0,609.8
1365,-1.8,-0.6383,3.169632,0.05,200,0,610.2
1366,-1.75,-0.6413,2.852399,0.05,200,0,610.7
1367,-1.8,-0.6463,3.069917,0.05,200,0,611.2
1368,-1.675,-0.6463,3.309472,0.05,200,0,611.7
1369,-1.775,-0.6503,2.768653,0.05,200,0,612.1
1370,-1.9,-0.8594,4.443516,0.05,200,0,612.6
1371,-1.825,-0.8609,3.12351,0.05,200,0,613.1
1372,-1.825,-0.8619,2.466141,0.05,200,0,613.6
1373,-1.8,-1.068,3.180065,0.05,200,0,614.0
1374,8.465,-0.8627,2.225222,0.05,172,1,614.5
1375,-1.85,-0.8627,3.321085,0.05,200,0,614.9
1376,-1.575,-0.8612,3.298208,0.05,200,0,615.4
1377,-1.75,-0.8612,3.320642,0.05,200,0,615.9
1378,-1.725,-0.8597,3.513623,0.05,200,0,616.4
1379,-1.575,-0.8552,3.067189,0.05,200,0,616.9
1380,-1.725,-1.0825,3.201401,0.05,200,0,617.4
1381,-1.8,-1.082,3.197327,0.05,200,0,617.9
1382,-1.875,-1.083,3.482264,0.05,200,0,618.4
1383,-1.625,-1.08,2.819232,0.05,200,0,618.9
1384,-1.8,-1.0795,2.867152,0.05,200,0,619.4
1385,-1.725,-1.08,2.92125,0.05,200,0,619.8
1386,9.385,-0.8613,2.738277,0.05,80,1,620.0
1387,-1.75,-0.8613,3.666043,0.05,200,0,620.5
1388,8.58,-0.6577,2.984784,0.05,168,1,620.9
1389,-1.8,-0.8912,3.653411,0.05,200,0,621.4
1390,-1.95,-0.8927,3.038969,0.05,200,0,621.8
1391,-1.825,-0.8927,2.390404,0.05,200,0,622.3
1392,-1.8,-0.8927,2.692578,0.05,200,0,622.8
1393,-1.8,-0.8962,2.866779,0.05,200,0,623.3
1394,-1.6,-0.8917,3.170271,0.05,200,0,623.7
1395,-1.85,-0.8962,3.884339,0.05,200,0,624.2
1396,-1.75,-0.8947,2.9951,0.05,200,0,624.7
1397,-1.85,-0.8977,3.553279,0.05,200,0,625.2
1398,-1.7,-0.8977,2.939092,0.05,200,0,625.7
1399,-1.825,-0.8997,4.298208,0.05,200,0,626.2
1400,-1.625,-0.8942,3.294325,0.05,200,0,626.7
1401,-1.85,-0.8977,3.354625,0.05,200,0,627.2
1402,-1.775,-0.8962,3.728789,0.05,200,0,627.7
1403,8.54,-0.6904,4.013496,0.05,192,1,628.2
1404,-1.825,-0.6929,4.102099,0.05,200,0,628.7
1405,9.475,-0.4664,2.960286,0.05,86,1,628.9
1406,-1.55,-0.4614,3.809345,0.05,200,0,629.4
1407,9.135,-0.2442,2.970511,0.05,115,1,629.7
1408,9.175,-0.0282,4.261004,0.05,111,1,630.0
1409,10.09,0.2081,6.929716,0.05,12,1,630.0
1410,-1.725,0.2081,3.303561,0.05,200,0,630.5
1411,-1.675,-0.0186,3.864532,0.05,200,0,630.9
1412,-1.675,-0.0221,4.035033,0.05,200,0,631.4
1413,-1.675,-0.0191,4.042545,0.05,200,0,631.9
1414,-1.575,-0.0156,3.475498,0.05,200,0,632.4
1415,-1.6,-0.0116,4.581787,0.05,200,0,632.8
1416,-1.525,-0.0071,4.286726,0.05,200,0,633.3
1417,-1.65,-0.0041,3.92832,0.05,200,0,633.7
1418,-1.5,-0.0006,4.667515,0.05,200,0,634.2
1419,-1.7,0.0009,4.261291,0.05,200,0,634.7
1420,9.875,0.2364,5.561484,0.05,51,1,634.8
1421,-1.775,0.2374,4.237318,0.05,200,0,635.3
1422,-1.7,0.2399,5.205051,0.05,200,0,635.8
1423,-1.725,0.2414,3.04411,0.05,200,0,636.3
1424,-1.6,0.0401,4.340003,0.05,200,0,636.8
1425,8.685,0.2508,5.213968,0.05,175,1,637.2
1426,-1.525,0.2518,5.154034,0.05,200,0,637.7
1427,-1.55,0.2558,5.125035,0.05,200,0,638.2
1428,9.31,0.4765,4.634758,0.05,115,1,638.5
1429,-1.8,0.472,4.828213,0.05,200,0,639.1
1430,-1.525,0.476,5.208773,0.05,200,0,639.6
1431,-1.55,0.481,5.465336,0.05,200,0,640.1
1432,8.35,0.6855,3.854382,0.05,196,1,640.6
1433,-1.7,0.684,5.444349,0.05,200,0,641.1
1434,-1.725,0.6855,5.156516,0.05,200,0,641.6
1435,-1.55,0.689,3.659425,0.05,200,0,642.1
1436,-1.6,0.4693,4.802143,0.05,200,0,642.6
1437,-1.75,0.4693,5.87802,0.05,200,0,643.1
1438,-1.6,0.2657,4.742813,0.05,200,0,643.6
1439,-1.7,0.2677,6.703286,0.05,200,0,644.2
1440,-1.6,0.2747,5.247201,0.05,200,0,644.7
1441,-1.675,0.2777,5.503036,0.05,200,0,645.2
1442,-1.725,0.2792,4.028074,0.05,200,0,645.7
1443,-1.825,0.2787,5.119419,0.05,200,0,646.3
1444,-1.675,0.2772,5.376248,0.05,200,0,646.7
1445,9.66,0.5074,4.407749,0.05,50,1,646.9
1446,-1.65,0.5094,6.065963,0.05,200,0,647.4
1447,-1.65,0.5134,6.372726,0.05,200,0,647.9
1448,-1.75,0.5124,5.294185,0.05,200,0,648.3
1449,-1.55,0.5179,5.441868,0.05,200,0,648.8
1450,-1.725,0.5159,6.304281,0.05,200,0,649.3
1451,-1.725,0.5184,6.201588,0.05,200,0,649.7
1452,-1.675,0.5204,5.859964,0.05,200,0,650.2
1453,-1.625,0.3171,6.99658,0.05,200,0,650.7
1454,9.275,0.5391,3.89186,0.05,106,1,650.9
1455,-1.95,0.3106,6.337002,0.05,200,0,651.4
1456,-1.8,0.3056,4.299251,0.05,200,0,651.9
1457,-1.775,0.0874,5.850711,0.05,200,0,652.4
1458,-1.725,-0.1306,6.352894,0.05,200,0,652.9
1459,-1.6,-0.3644,5.414862,0.05,200,0,653.4
1460,-1.8,-0.3659,5.019156,0.05,200,0,653.9
1461,-1.8,-0.3684,5.117807,0.05,200,0,654.3
1462,9.135,-0.1522,3.320627,0.05,120,1,654.6
1463,-1.6,-0.1507,4.924409,0.05,200,0,655.1
1464,-1.675,-0.1527,6.992593,0.05,200,0,655.6
1465,-1.8,-0.1567,6.24529,0.05,200,0,656.1
1466,8.865,0.0511,5.783024,0.05,132,1,656.5
1467,-1.75,0.0491,5.42466,0.05,200,0,656.9
1468,-1.725,0.0446,5.157484,0.05,200,0,657.4
1469,-1.725,0.0441,5.89302,0.05,200,0,657.9
1470,-1.8,-0.1894,6.926423,0.05,200,0,658.4
1471,-1.85,-0.1909,5.161867,0.05,200,0,658.8
1472,-1.825,-0.1934,6.514578,0.05,200,0,659.3
1473,-1.825,-0.1954,5.652427,0.05,200,0,659.8
1474,-1.8,-0.1994,6.71876,0.05,200,0,660.2
1475,-1.775,-0.4086,5.751021,0.05,200,0,660.7
1476,-1.8,-0.4141,5.234462,0.05,200,0,661.2
1477,-1.8,-0.4191,5.78798,0.05,200,0,661.7
1478,-1.725,-0.6398,5.542061,0.05,200,0,662.1
1479,-1.875,-0.6413,6.399183,0.05,200,0,662.6
1480,-1.8,-0.6468,5.56619,0.05,200,0,663.1
1481,-1.7,-0.6498,6.624317,0.05,200,0,663.6
1482,-1.8,-0.8528,5.05383,0.05,200,0,664.1
1483,-1.825,-0.8553,6.654614,0.05,200,0,664.6
1484,-1.9,-0.8588,6.399684,0.05,200,0,665.1
1485,-1.925,-0.8663,4.390379,0.05,200,0,665.6
1486,-1.925,-0.8728,6.441235,0.05,200,0,666.1
1487,-1.625,-0.8703,6.704888,0.05,200,0,666.6
1488,-1.75,-0.8733,5.928057,0.05,200,0,667.1
1489,-1.65,-0.8723,5.734867,0.05,200,0,667.6
1490,-1.7,-0.8743,4.643107,0.05,200,0,668.1
1491,8.64,-0.668,4.339078,0.05,177,1,668.6
1492,-1.575,-0.665,5.434096,0.05,200,0,669.1
1493,-1.75,-0.6635,5.797371,0.05,200,0,669.6
1494,-1.675,-0.6635,4.401512,0.05,200,0,670.0
1495,-1.85,-0.8937,5.565045,0.05,200,0,670.5
1496,-1.775,-0.8962,5.981956,0.05,200,0,671.0
1497,-1.675,-0.8967,6.915797,0.05,200,0,671.5
1498,-1.825,-0.8982,5.163926,0.05,200,0,672.0
1499,-1.675,-0.9007,4.244635,0.05,200,0,672.5
1500,-1.675,-0.8997,4.957421,0.05,200,0,672.9
1501,8.315,-0.6989,3.9266,0.05,197,1,673.4
1502,-1.75,-0.7004,5.285302,0.05,200,0,673.9
1503,-1.8,-0.7039,5.764818,0.05,200,0,674.4
1504,-1.75,-0.9244,6.680849,0.05,200,0,674.9
1505,-1.75,-0.9204,4.850983,0.05,200,0,675.4
1506,9.04,-0.7036,5.234176,0.05,132,1,675.7
1507,-1.625,-0.7006,5.138065,0.05,200,0,676.2
1508,-1.65,-0.6991,5.092372,0.05,200,0,676.7
1509,-1.65,-0.7001,4.71437,0.05,200,0,677.1
1510,-1.8,-0.7001,4.6395,0.05,200,0,677.6
1511,-1.825,-0.7006,5.814576,0.05,200,0,678.1
1512,-1.9,-0.9213,3.456095,0.05,200,0,678.5
1513,-1.6,-0.9213,5.127713,0.05,200,0,679.0
1514,-1.725,-0.9223,3.982122,0.05,200,0,679.5
1515,-1.75,-0.9213,4.642626,0.05,200,0,680.0
1516,-1.65,-1.1316,7.372949,0.05,200,0,680.4
1517,-1.675,-1.1301,3.699379,0.05,200,0,680.9
1518,-1.675,-1.1291,5.187293,0.05,200,0,681.4
1519,-1.85,-1.1316,4.779945,0.05,200,0,681.9
1520,9.185,-0.9119,5.943223,0.05,100,1,682.1
1521,8.595,-0.703,5.529592,0.05,184,1,682.6
1522,-1.725,-0.701,5.673871,0.05,200,0,683.1
1523,9.315,-0.4782,4.946411,0.05,97,1,683.3
1524,9.145,-0.2593,4.848105,0.05,109,1,683.6
1525,-1.775,-0.2593,6.654067,0.05,200,0,684.1
1526,-1.5,-0.2533,5.85985,0.05,200,0,684.6
1527,-1.85,-0.2543,6.024715,0.05,200,0,685.1
1528,-1.6,-0.2518,6.137806,0.05,200,0,685.6
1529,-1.75,-0.2493,6.265655,0.05,200,0,686.1
1530,-1.625,-0.2458,5.575121,0.05,200,0,686.6
1531,-1.825,-0.2483,5.59691,0.05,200,0,687.0
1532,-1.65,-0.2453,5.957332,0.05,200,0,687.5
1533,-1.75,-0.2438,7.619614,0.05,200,0,688.0
1534,-1.775,-0.2413,7.441227,0.05,200,0,688.4
1535,-1.8,-0.2388,7.282879,0.05,200,0,688.9
1536,-1.775,-0.2358,6.209575,0.05,200,0,689.4
1537,-1.775,-0.2388,6.933889,0.05,200,0,689.8
1538,9.07,-0.0224,6.596357,0.05,129,1,690.1
1539,-1.625,-0.0219,7.926857,0.05,200,0,690.6
1540,9.765,0.2074,7.330741,0.05,67,1,690.8
1541,-1.675,0.0011,8.321904,0.05,200,0,691.2
1542,9.085,0.2143,6.872898,0.05,120,1,691.5
1543,-1.7,0.2153,8.071823,0.05,200,0,692.0
1544,8.955,0.4279,5.61257,0.05,138,1,692.4
1545,-1.65,0.4319,7.732984,0.05,200,0,692.9
1546,-1.625,0.4349,8.824203,0.05,200,0,693.3
1547,-1.7,0.4344,8.021073,0.05,200,0,693.8
1548,-1.725,0.4364,9.142404,0.05,200,0,694.3
1549,8.43,0.6385,8.259855,0.05,188,1,694.8
1550,-1.6,0.64,7.607064,0.05,200,0,695.3
1551,10.005,0.6738,6.828262,0.05,28,1,695.3
1552,-1.6,0.6768,8.794476,0.05,200,0,695.8
1553,-1.625,0.6803,9.901922,0.05,200,0,696.3
1554,-1.7,0.6813,8.612365,0.05,200,0,696.8
1555,-1.7,0.6823,9.699772,0.05,200,0,697.3
1556,-1.65,0.4685,10.171547,0.05,200,0,697.7
1557,9.39,0.6888,9.809645,0.05,102,1,698.0
1558,9.005,0.9019,7.08176,0.05,133,1,698.3
1559,10.075,1.1364,11.586524,0.05,16,1,698.3
1560,-1.6,1.1404,8.73071,0.05,200,0,698.8
1561,-1.6,1.1449,8.020638,0.05,200,0,699.3
1562,-1.575,1.1514,8.702821,0.05,200,0,699.8
1563,8.7,1.3574,9.213582,0.05,146,1,700.1
1564,-1.65,1.3589,7.551381,0.05,200,0,700.6
1565,-1.675,1.3604,9.491339,0.05,200,0,701.0
1566,-1.725,1.3589,7.245426,0.05,200,0,701.5
1567,-1.8,1.3564,8.52641,0.05,200,0,702.0
1568,-1.725,1.3554,9.314812,0.05,200,0,702.5
1569,-1.8,1.3564,9.338313,0.05,200,0,703.0
1570,-1.775,1.1372,11.544308,0.05,200,0,703.5
1571,-1.75,0.9303,11.114005,0.05,200,0,704.0
1572,-1.9,0.9268,7.08429,0.05,200,0,704.5
1573,-1.6,0.7085,8.780766,0.05,200,0,705.0
1574,-1.775,0.4901,9.930953,0.05,200,0,705.5
1575,-1.7,0.4916,10.942857,0.05,200,0,706.0
1576,-1.725,0.4871,9.123982,0.05,200,0,706.5
1577,-1.625,0.4916,9.558481,0.05,200,0,707.0
1578,9.72,0.718,9.211693,0.05,59,1,707.1
1579,-1.825,0.7165,9.955176,0.05,200,0,707.6
1580,-1.6,0.717,6.918399,0.05,200,0,708.0
1581,-1.65,0.7205,9.497406,0.05,200,0,708.5
1582,-1.625,0.721,8.678985,0.05,200,0,709.0
1583,-1.825,0.7195,7.148814,0.05,200,0,709.5
1584,-1.625,0.7225,9.007039,0.05,200,0,709.9
1585,10.07,0.9599,9.16607,0.05,14,1,710.0
1586,-1.6,0.9634,10.72875,0.05,200,0,710.5
1587,-1.7,0.9649,7.490667,0.05,200,0,710.9
1588,-1.675,0.75,8.26459,0.05,200,0,711.4
1589,-1.725,0.748,8.102237,0.05,200,0,711.9
1590,-1.85,0.5157,7.761914,0.05,200,0,712.3
1591,-1.7,0.5152,7.682672,0.05,200,0,712.8
1592,-1.675,0.3,10.108663,0.05,200,0,713.3
1593,-1.75,0.299,8.534846,0.05,200,0,713.8
1594,10.01,0.3201,7.268317,0.05,15,1,713.8
1595,-1.8,0.3171,6.73682,0.05,200,0,714.3
1596,-1.75,0.3146,8.729796,0.05,200,0,714.8
1597,-1.6,0.3166,9.078149,0.05,200,0,715.3
1598,-1.725,0.3166,7.840231,0.05,200,0,715.8
1599,-1.775,0.1125,7.975542,0.05,200,0,716.3
1600,-1.8,0.1085,7.953212,0.05,200,0,716.8
1601,-1.75,-0.1266,8.052928,0.05,200,0,717.3
1602,-1.8,-0.1306,8.319679,0.05,200,0,717.8
1603,-1.7,-0.1321,9.171457,0.05,200,0,718.3
1604,-1.75,-0.1331,7.864497,0.05,200,0,718.8
1605,-1.725,-0.1336,10.97923,0.05,200,0,719.2
1606,-1.65,-0.1336,9.1622,0.05,200,0,719.7
1607,-1.725,-0.3559,9.197392,0.05,200,0,720.2
1608,-1.725,-0.5705,10.559089,0.05,200,0,720.7
1609,-1.5,-0.802,7.429087,0.05,200,0,721.1
1610,-1.875,-0.8075,8.017102,0.05,200,0,721.6
1611,-1.825,-0.812,7.637609,0.05,200,0,722.1
1612,-1.675,-0.814,7.416563,0.05,200,0,722.5
1613,9.16,-0.8048,8.240854,0.05,125,1,722.8
1614,-1.7,-0.8058,10.639726,0.05,200,0,723.3
1615,-1.65,-0.8053,10.033007,0.05,200,0,723.8
1616,9.835,-0.5741,9.170434,0.05,40,1,723.9
1617,-1.575,-0.5696,7.331439,0.05,200,0,724.4
1618,-1.8,-0.5711,8.531868,0.05,200,0,724.9
1619,-1.825,-0.5716,6.912062,0.05,200,0,725.4
1620,-1.6,-0.5681,8.159515,0.05,200,0,725.9
1621,9.775,-0.3376,7.963026,0.05,66,1,726.1
1622,9.295,-0.1137,10.469714,0.05,119,1,726.4
1623,-1.625,-0.1142,7.940774,0.05,200,0,726.9
1624,-1.825,-0.1152,8.245347,0.05,200,0,727.4
1625,-1.9,-0.1192,6.167447,0.05,200,0,728.1
1626,-1.925,-0.1232,6.94646,0.05,200,0,729.0
1627,-1.8,-0.1267,6.002461,0.05,200,0,729.5
1628,-1.775,-0.3566,6.900249,0.05,200,0,730.0
1629,-1.55,-0.3511,7.4999,0.05,200,0,730.6
1630,8.31,-0.1529,8.585416,0.05,200,1,731.1
1631,-1.75,-0.1549,6.264293,0.05,200,0,731.6
1632,9.32,0.064,8.121879,0.05,124,1,731.9
1633,-1.625,0.068,6.576751,0.05,200,0,732.4
1634,-1.775,0.065,9.011877,0.05,200,0,732.9
1635,-1.75,-0.1714,7.521565,0.05,200,0,733.5
1636,10.1,0.0626,6.558774,0.05,11,1,733.5
1637,-1.7,0.0626,8.664364,0.05,200,0,734.0
1638,-1.55,0.0651,6.884112,0.05,200,0,734.6
1639,-1.725,0.0651,6.338673,0.05,200,0,735.1
1640,9.115,0.2844,7.322397,0.05,112,1,735.4
1641,-1.7,0.2844,8.9337,0.05,200,0,735.9
1642,-1.725,0.2834,7.318042,0.05,200,0,736.4
1643,-1.65,0.2854,9.071643,0.05,200,0,736.9
1644,-1.8,0.0492,7.060769,0.05,200,0,737.4
1645,-1.725,0.0507,7.026692,0.05,200,0,737.9
1646,-1.775,0.0502,7.319422,0.05,200,0,738.4
1647,-1.65,0.0492,7.578391,0.05,200,0,738.9
1648,-1.875,0.0462,6.783766,0.05,200,0,739.4
1649,-1.7,0.0477,6.694731,0.05,200,0,739.9
1650,-1.725,0.0492,6.418337,0.05,200,0,740.4
1651,-1.725,0.0497,7.59437,0.05,200,0,740.8
1652,-1.6,0.0537,6.998859,0.05,200,0,741.3
1653,-1.725,0.0532,8.059462,0.05,200,0,741.8
1654,9.24,0.273,8.098129,0.05,102,1,742.1
1655,8.555,0.4786,6.882471,0.05,178,1,742.5
1656,-1.65,0.4786,5.806764,0.05,200,0,743.0
1657,9.575,0.7046,8.772481,0.05,76,1,743.2
1658,9.915,0.9374,9.143518,0.05,37,1,743.3
1659,-1.7,0.9334,7.134852,0.05,200,0,743.7
1660,-1.85,0.9339,6.670046,0.05,200,0,744.2
1661,8.655,1.1435,9.197936,0.05,168,1,744.6
1662,-1.55,1.146,6.366334,0.05,200,0,745.1
1663,-1.7,0.9288,6.479133,0.05,200,0,745.6
1664,-1.625,0.9303,5.30353,0.05,200,0,746.1
1665,-1.675,0.9298,6.051973,0.05,200,0,746.5
1666,9.575,0.9246,5.164872,0.05,76,1,746.7
1667,-1.7,0.9221,5.770777,0.05,200,0,747.2
1668,-1.625,0.9256,6.384444,0.05,200,0,747.6
1669,-1.75,0.9271,5.161726,0.05,200,0,748.1
1670,-1.625,0.9266,6.132728,0.05,200,0,748.6
1671,9.785,0.9268,6.151003,0.05,55,1,748.8
1672,-1.65,0.7079,6.612006,0.05,200,0,749.3
1673,8.9,0.9184,6.335015,0.05,151,1,749.6
1674,-1.65,0.9219,4.872349,0.05,200,0,750.1
1675,-1.675,0.9264,6.848893,0.05,200,0,750.6
1676,-1.6,0.9329,6.013431,0.05,200,0,751.1
1677,-1.75,0.9339,6.780888,0.05,200,0,751.6
1678,-1.85,0.9324,6.277525,0.05,200,0,752.1
1679,-1.825,0.9269,7.209275,0.05,200,0,752.6
1680,-1.775,0.7252,6.232792,0.05,200,0,753.1
1681,-1.675,0.7267,7.544302,0.05,200,0,753.6
1682,-1.525,0.5098,6.895546,0.05,200,0,754.1
1683,-1.625,0.5098,6.640065,0.05,200,0,754.5
1684,-1.7,0.5113,6.516572,0.05,200,0,755.0
1685,-1.675,0.5128,5.392727,0.05,200,0,755.5
1686,-1.675,0.2773,5.475671,0.05,200,0,755.9
1687,-1.575,0.2798,6.593088,0.05,200,0,756.4
1688,-1.575,0.2793,7.144214,0.05,200,0,756.9
1689,-1.775,0.2783,6.451731,0.05,200,0,757.3
1690,-1.675,0.0625,6.897972,0.05,200,0,757.8
1691,-1.5,0.0665,6.253636,0.05,200,0,758.3
1692,9.545,0.2919,7.782861,0.05,79,1,758.5
1693,-1.775,0.2894,5.9143,0.05,200,0,759.0
1694,-1.575,0.2939,6.644336,0.05,200,0,759.5
1695,9.455,0.5175,6.022041,0.05,98,1,759.7
1696,-1.725,0.5185,7.234105,0.05,200,0,760.2
1697,-1.675,0.518,5.859339,0.05,200,0,760.7
1698,-1.65,0.5225,6.280003,0.05,200,0,761.2
1699,-1.6,0.5245,4.936813,0.05,200,0,761.7
1700,-1.85,0.522,6.871543,0.05,200,0,762.2
1701,9.145,0.7394,7.780458,0.05,119,1,762.5
1702,-1.7,0.7374,5.151472,0.05,200,0,763.0
1703,-1.875,0.7344,7.268678,0.05,200,0,763.5
1704,-1.925,0.5111,7.579313,0.05,200,0,764.0
1705,-1.6,0.308,5.678903,0.05,200,0,764.4
1706,-1.775,0.3055,4.674488,0.05,200,0,764.9
1707,-1.7,0.08,4.729016,0.05,200,0,765.4
1708,-1.725,-0.1528,5.568785,0.05,200,0,765.8
1709,-1.575,-0.1503,5.742839,0.05,200,0,766.3
1710,8.595,0.0586,5.224498,0.05,164,1,766.7
1711,-1.55,-0.1455,4.803663,0.05,200,0,767.2
1712,-1.725,-0.149,5.036219,0.05,200,0,767.6
1713,9.56,0.0762,7.034656,0.05,65,1,767.8
1714,-1.825,0.0722,5.812193,0.05,200,0,768.3
1715,-1.65,0.0727,4.810834,0.05,200,0,768.7
1716,-1.775,-0.1543,5.357755,0.05,200,0,769.2
1717,-1.675,-0.1538,5.203339,0.05,200,0,769.7
1718,-1.775,-0.1568,5.921755,0.05,200,0,770.2
1719,-1.775,-0.1573,6.424596,0.05,200,0,770.7
1720,-1.75,-0.1598,7.252667,0.05,200,0,771.2
1721,-1.65,-0.3885,7.113502,0.05,200,0,771.7
1722,-1.625,-0.388,5.602084,0.05,200,0,772.2
1723,-1.85,-0.603,5.685574,0.05,200,0,772.7
1724,-1.6,-0.602,4.773953,0.05,200,0,773.1
1725,-1.675,-0.602,7.248552,0.05,200,0,773.7
1726,-1.775,-0.6055,7.416442,0.05,200,0,774.2
1727,-1.7,-0.6045,5.541929,0.05,200,0,774.6
1728,8.705,-0.3934,6.340359,0.05,153,1,775.0
1729,-1.625,-0.3894,5.078401,0.05,200,0,775.5
1730,-1.725,-0.3884,7.127982,0.05,200,0,775.9
1731,-1.875,-0.3924,6.009423,0.05,200,0,776.4
1732,-1.6,-0.3939,5.880039,0.05,200,0,776.9
1733,-1.55,-0.3924,4.711546,0.05,200,0,777.3
1734,-1.75,-0.3934,7.377327,0.05,200,0,777.8
1735,-1.725,-0.3944,5.488203,0.05,200,0,778.3
1736,-1.675,-0.3944,5.985388,0.05,200,0,778.8
1737,-1.8,-0.3989,5.848572,0.05,200,0,779.2
1738,8.305,-0.2013,6.888093,0.05,188,1,779.7
1739,-1.6,-0.1978,5.128216,0.05,200,0,780.2
1740,-1.65,-0.1973,6.028126,0.05,200,0,780.7
1741,9.345,0.0196,4.054543,0.05,99,1,780.9
1742,-1.725,-0.2058,5.185738,0.05,200,0,781.4
1743,10.045,0.0306,5.673771,0.05,14,1,781.5
1744,-1.5,0.0321,5.337859,0.05,200,0,782.0
1745,-1.7,-0.191,4.411612,0.05,200,0,782.5
1746,-1.725,-0.191,6.074798,0.05,200,0,782.9
1747,-1.825,-0.194,5.382294,0.05,200,0,783.4
1748,-1.55,-0.192,4.793584,0.05,200,0,783.9
1749,8.42,0.0084,5.549795,0.05,194,1,784.4
1750,-1.7,0.0114,5.019741,0.05,200,0,784.9
1751,-1.65,-0.2045,4.900215,0.05,200,0,785.4
1752,-1.575,-0.202,6.326443,0.05,200,0,785.8
1753,-1.85,-0.2015,5.537877,0.05,200,0,786.3
1754,8.815,0.0133,6.140991,0.05,147,1,786.6
1755,-1.65,0.0123,4.917604,0.05,200,0,787.1
1756,-1.7,0.0138,4.78959,0.05,200,0,787.6
1757,9.37,0.2352,5.928483,0.05,104,1,787.8
1758,-1.7,0.2357,5.626209,0.05,200,0,788.3
1759,8.475,0.4367,5.96596,0.05,176,1,788.7
1760,-1.7,0.2308,5.865725,0.05,200,0,789.2
1761,-1.75,0.2268,6.257281,0.05,200,0,789.7
1762,-1.725,0.2268,4.4667,0.05,200,0,790.2
1763,-1.775,0.0001,4.423916,0.05,200,0,790.7
1764,-1.775,0.0011,5.64732,0.05,200,0,791.2
1765,-1.6,0.0021,5.584832,0.05,200,0,791.7
1766,-1.725,0.0031,6.293095,0.05,200,0,792.2
1767,9.03,0.2172,5.600604,0.05,118,1,792.5
1768,-1.8,0.2167,6.358135,0.05,200,0,793.0
1769,-1.75,0.2172,4.440302,0.05,200,0,793.4
1770,-1.6,0.2202,5.296683,0.05,200,0,793.9
1771,-1.55,0.2222,4.607345,0.05,200,0,794.4
1772,8.9,0.4327,5.911266,0.05,156,1,794.8
1773,-1.55,0.4387,3.735054,0.05,200,0,795.3
1774,-1.6,0.4387,4.218184,0.05,200,0,795.8
1775,-1.625,0.4397,4.531353,0.05,200,0,796.2
1776,8.465,0.6445,4.138579,0.05,187,1,796.7
1777,8.89,0.8563,5.80234,0.05,127,1,797.0
1778,-1.75,0.6472,4.347666,0.05,200,0,797.4
1779,-1.8,0.6437,5.420304,0.05,200,0,797.9
1780,-1.85,0.6412,5.141469,0.05,200,0,798.4
1781,9.64,0.8715,5.512397,0.05,57,1,798.5
1782,-1.775,0.868,4.983304,0.05,200,0,799.0
1783,-1.8,0.863,4.952118,0.05,200,0,799.5
1784,-1.7,0.864,3.943891,0.05,200,0,799.9
1785,-1.6,0.8665,5.032532,0.05,200,0,800.4
1786,-1.7,0.866,5.028304,0.05,200,0,800.9
1787,9.035,1.0827,5.869645,0.05,130,1,801.2
1788,-1.825,0.8801,5.44791,0.05,200,0,801.7
1789,-1.725,0.8776,4.454505,0.05,200,0,802.2
1790,-1.675,0.8771,3.117315,0.05,200,0,802.7
1791,-1.7,0.6562,4.4589,0.05,200,0,803.2
1792,-1.7,0.6567,6.120062,0.05,200,0,803.7
1793,8.47,0.6252,6.522008,0.05,184,1,804.1
1794,8.52,0.8256,5.316274,0.05,179,1,804.6
1795,-1.725,0.8251,5.777122,0.05,200,0,805.1
1796,-1.625,0.8271,5.220166,0.05,200,0,805.5
1797,-1.775,0.8281,5.284717,0.05,200,0,806.0
1798,-1.7,0.8251,6.115685,0.05,200,0,806.5
1799,9.155,0.8398,5.390922,0.05,103,1,806.7
1800,-1.7,0.8398,5.238029,0.05,200,0,807.2
1801,-1.8,0.8368,4.151602,0.05,200,0,807.7
1802,-1.775,0.8328,5.23603,0.05,200,0,808.2
1803,-1.825,0.8333,5.929653,0.05,200,0,808.7
1804,10.03,0.8576,2.443581,0.05,8,1,808.7
1805,8.585,1.0623,5.039767,0.05,170,1,809.1
1806,-1.65,1.0633,5.4762,0.05,200,0,809.6
1807,8.495,1.0458,4.25018,0.05,169,1,810.0
1808,-1.775,1.0443,3.875533,0.05,200,0,810.5
1809,-1.75,0.8398,6.418486,0.05,200,0,811.0
1810,-1.825,0.8373,5.156694,0.05,200,0,811.5
1811,-1.75,0.8373,5.139171,0.05,200,0,812.0
1812,-1.8,0.8358,5.276268,0.05,200,0,812.5
1813,-1.775,0.8358,5.471705,0.05,200,0,813.0
1814,-1.625,0.8388,5.538803,0.05,200,0,813.5
1815,9.01,1.051,4.961711,0.05,125,1,813.8
1816,-1.8,1.0495,5.48782,0.05,200,0,814.3
1817,8.545,1.0398,5.718375,0.05,184,1,814.8
1818,9.78,1.2714,4.742167,0.05,53,1,814.9
1819,-1.725,1.2719,4.762715,0.05,200,0,815.4
1820,-1.6,1.2719,4.55635,0.05,200,0,815.9
1821,-1.65,1.2699,4.704778,0.05,200,0,816.3
1822,10.0,1.2919,8.163453,0.05,26,1,816.4
1823,-1.775,1.2874,6.490332,0.05,200,0,816.9
1824,-1.775,1.2839,5.275946,0.05,200,0,817.3
1825,-1.55,1.2854,5.512155,0.05,200,0,817.8
1826,-1.6,1.0841,4.682062,0.05,200,0,818.3
1827,-1.7,0.8723,5.300569,0.05,200,0,818.8
1828,-1.625,0.8748,6.07655,0.05,200,0,819.3
1829,-1.7,0.8768,5.144605,0.05,200,0,819.9
1830,-1.725,0.8793,6.601759,0.05,200,0,820.4
1831,-1.675,0.653,4.934495,0.05,200,0,820.9
1832,-1.675,0.655,6.327371,0.05,200,0,821.4
1833,-1.725,0.6565,6.957519,0.05,200,0,821.9
1834,-1.65,0.6575,4.520541,0.05,200,0,822.4
1835,-1.75,0.6545,5.892301,0.05,200,0,822.9
1836,-1.8,0.6525,5.496883,0.05,200,0,823.4
1837,-1.65,0.4388,4.948183,0.05,200,0,824.0
1838,-1.7,0.4413,3.935652,0.05,200,0,824.5
1839,-1.775,0.4403,5.340302,0.05,200,0,825.0
1840,-1.675,0.4403,4.655544,0.05,200,0,825.6
1841,10.08,0.6759,6.043175,0.05,13,1,825.6
1842,-1.775,0.6744,5.171307,0.05,200,0,826.1
1843,-1.625,0.4725,5.056753,0.05,200,0,826.6
1844,9.93,0.5007,3.462682,0.05,28,1,826.7
1845,-1.8,0.4992,4.671641,0.05,200,0,827.1
1846,-1.625,0.4992,4.792862,0.05,200,0,827.7
1847,-1.825,0.4982,5.184473,0.05,200,0,828.1
1848,-1.675,0.4987,4.89722,0.05,200,0,828.6
1849,-1.75,0.2806,6.310938,0.05,200,0,829.1
1850,-1.675,0.2811,5.197839,0.05,200,0,829.6
1851,-1.75,0.2821,6.243508,0.05,200,0,830.1
1852,-1.775,0.2821,5.119413,0.05,200,0,830.6
1853,-1.725,0.2841,6.821144,0.05,200,0,831.1
1854,-1.625,0.051,5.422165,0.05,200,0,831.6
1855,-1.75,-0.1557,4.186135,0.05,200,0,832.1
1856,-1.675,-0.1562,5.80628,0.05,200,0,832.5
1857,-1.65,-0.3591,4.894562,0.05,200,0,833.0
1858,-1.775,-0.3591,4.793005,0.05,200,0,833.5
1859,-1.725,-0.3586,4.875826,0.05,200,0,834.0
1860,-1.875,-0.3596,3.324325,0.05,200,0,834.4
1861,-1.7,-0.3586,5.568785,0.05,200,0,834.9
1862,-1.825,-0.3591,4.348565,0.05,200,0,835.4
1863,-1.875,-0.3611,5.138201,0.05,200,0,835.9
1864,-1.825,-0.3651,6.042021,0.05,200,0,836.3
1865,-1.75,-0.5803,6.175699,0.05,200,0,836.8
1866,-1.625,-0.5768,5.408551,0.05,200,0,837.3
1867,-1.775,-0.7832,5.834421,0.05,200,0,837.8
1868,-1.775,-1.0143,4.83574,0.05,200,0,838.3
1869,-1.775,-1.0153,6.256577,0.05,200,0,838.8
1870,-1.775,-1.0188,6.540854,0.05,200,0,839.3
1871,-1.8,-1.0218,5.395347,0.05,200,0,839.8
1872,-1.825,-1.2583,5.817345,0.05,200,0,840.2
1873,9.445,-1.0339,4.627051,0.05,84,1,840.5
1874,-1.75,-1.0334,4.694584,0.05,200,0,840.9
1875,-1.725,-1.0369,5.297346,0.05,200,0,841.4
1876,-1.65,-1.0379,4.841215,0.05,200,0,841.9
1877,-1.625,-1.0364,5.227676,0.05,200,0,842.4
1878,-1.85,-1.0409,4.833778,0.05,200,0,842.9
1879,-1.65,-1.0399,6.25075,0.05,200,0,843.4
1880,-1.7,-1.0394,4.319786,0.05,200,0,843.8
1881,-1.85,-1.0429,5.71519,0.05,200,0,844.3
1882,8.49,-0.8396,4.450106,0.05,187,1,844.7
1883,-1.65,-0.8381,5.897137,0.05,200,0,845.2
1884,-1.7,-0.8391,5.557487,0.05,200,0,845.7
1885,-1.625,-0.8366,4.811941,0.05,200,0,846.2
1886,-1.725,-0.8351,4.771114,0.05,200,0,846.6
1887,-1.7,-0.8361,6.101,0.05,200,0,847.1
1888,-1.65,-0.8351,5.324245,0.05,200,0,847.6
1889,-1.7,-0.8336,5.854574,0.05,200,0,848.2
1890,-1.675,-0.8336,4.467458,0.05,200,0,848.7
1891,-1.8,-1.0712,5.100156,0.05,200,0,849.2
1892,-1.6,-1.0677,6.267289,0.05,200,0,849.7
1893,-1.75,-1.0702,5.257343,0.05,200,0,850.2
1894,-1.75,-1.3038,4.174076,0.05,200,0,850.7
1895,-1.725,-1.3023,5.210694,0.05,200,0,851.2
1896,-1.7,-1.3038,4.61284,0.05,200,0,851.6
1897,-1.7,-1.3013,4.583595,0.05,200,0,852.1
1898,-1.75,-1.3028,5.541549,0.05,200,0,852.6
1899,-1.75,-1.3028,4.702966,0.05,200,0,853.1
1900,-1.525,-1.2998,4.660898,0.05,200,0,853.5
1901,-1.875,-1.3023,4.695965,0.05,200,0,854.0
1902,9.01,-1.0866,4.324954,0.05,130,1,854.3
1903,-1.55,-1.0831,4.193407,0.05,200,0,854.8
1904,-1.55,-1.0816,3.879065,0.05,200,0,855.3
1905,-1.65,-1.0796,4.240288,0.05,200,0,855.7
1906,-1.7,-1.0801,5.519147,0.05,200,0,856.2
1907,-1.525,-1.0776,4.203631,0.05,200,0,856.7
1908,-1.625,-1.0746,3.939795,0.05,200,0,857.2
1909,-1.65,-1.0731,4.078887,0.05,200,0,857.7
1910,-1.7,-1.0696,4.886033,0.05,200,0,858.2
1911,9.395,-0.8477,5.061446,0.05,89,1,858.4
1912,-1.65,-0.8442,3.825405,0.05,200,0,858.9
1913,-1.75,-0.8417,3.746128,0.05,200,0,859.4
1914,-1.725,-0.8397,4.900211,0.05,200,0,859.9
1915,-1.675,-0.8382,6.171769,0.05,200,0,860.4
1916,-1.725,-0.8402,4.509533,0.05,200,0,860.9
1917,-1.675,-0.8382,5.144971,0.05,200,0,861.4
1918,-1.9,-0.8407,3.329706,0.05,200,0,861.9
1919,-1.8,-0.8412,4.853475,0.05,200,0,862.3
1920,8.755,-0.6306,4.580759,0.05,173,1,862.7
1921,-1.75,-0.6296,4.785446,0.05,200,0,863.2
1922,-1.55,-0.6241,4.451886,0.05,200,0,863.7
1923,-1.475,-0.8425,4.719961,0.05,200,0,864.2
1924,-1.725,-0.842,4.364422,0.05,200,0,864.7
1925,-1.8,-0.8435,4.910852,0.05,200,0,865.1
1926,-1.7,-0.8445,4.954415,0.05,200,0,865.6
1927,-1.675,-0.8455,4.680167,0.05,200,0,866.1
1928,-1.65,-0.8415,5.555698,0.05,200,0,866.6
1929,10.1,-0.6065,4.494844,0.05,36,1,866.7
1930,8.775,-0.397,4.224714,0.05,176,1,867.1
1931,-1.6,-0.392,4.822695,0.05,200,0,867.6
1932,8.81,-0.3856,5.373746,0.05,150,1,868.0
1933,-1.6,-0.3846,4.054631,0.05,200,0,868.5
1934,8.57,-0.1792,4.525477,0.05,184,1,868.9
1935,-1.55,-0.1777,3.783658,0.05,200,0,869.4
1936,-1.6,-0.1752,4.123212,0.05,200,0,869.9
1937,-1.675,-0.1747,4.394957,0.05,200,0,870.4
1938,-1.6,-0.1737,4.390674,0.05,200,0,870.9
1939,-1.55,-0.1707,5.536253,0.05,200,0,871.4
1940,-1.6,-0.1692,3.982084,0.05,200,0,871.9
1941,-1.725,-0.1677,4.034705,0.05,200,0,872.4
1942,8.755,0.0394,3.457934,0.05,168,1,872.7
1943,-1.75,0.0394,3.162797,0.05,200,0,873.2
1944,9.85,0.2714,4.787566,0.05,36,1,873.3
1945,-1.675,0.2724,4.948636,0.05,200,0,873.8
1946,-1.775,0.2709,4.680398,0.05,200,0,874.3
1947,8.665,0.4782,3.927713,0.05,167,1,874.6
1948,9.2,0.6972,3.603631,0.05,116,1,874.9
1949,-1.7,0.6982,3.847595,0.05,200,0,875.4
1950,-1.775,0.6932,4.001385,0.05,200,0,875.9
1951,-1.7,0.6967,4.087107,0.05,200,0,876.3
1952,-1.525,0.486,3.277206,0.05,200,0,876.8
1953,-1.7,0.483,3.563408,0.05,200,0,877.3
1954,-1.625,0.4815,3.372973,0.05,200,0,877.8
1955,-1.7,0.4805,3.07586,0.05,200,0,878.3
1956,-1.425,0.486,3.370892,0.05,200,0,878.8
1957,-1.675,0.483,4.267261,0.05,200,0,879.3
1958,-1.825,0.479,4.269768,0.05,200,0,879.8
1959,-1.65,0.479,3.52896,0.05,200,0,880.3
1960,9.96,0.7122,3.495808,0.05,60,1,880.4
1961,-1.675,0.4908,4.460936,0.05,200,0,880.9
1962,-1.525,0.4933,4.40227,0.05,200,0,881.4
1963,-1.725,0.4938,3.308952,0.05,200,0,881.9
1964,-1.725,0.4938,5.029489,0.05,200,0,882.4
1965,-1.725,0.4928,4.141247,0.05,200,0,882.8
1966,-1.775,0.4918,4.60831,0.05,200,0,883.3
1967,-1.825,0.4888,3.891228,0.05,200,0,883.8
1968,9.345,0.7137,2.668205,0.05,89,1,884.0
1969,-1.875,0.7122,4.014957,0.05,200,0,884.5
1970,-1.65,0.5041,4.49111,0.05,200,0,884.9
1971,-1.8,0.5031,3.811637,0.05,200,0,885.4
1972,-1.75,0.4991,5.005461,0.05,200,0,885.9
1973,-1.725,0.4941,4.765988,0.05,200,0,886.4
1974,-1.775,0.4931,4.412684,0.05,200,0,886.9
1975,10.045,0.73,3.284096,0.05,19,1,886.9
1976,-1.775,0.7285,4.764958,0.05,200,0,887.4
1977,8.81,0.9382,3.590794,0.05,145,1,887.8
1978,-1.675,0.9377,3.947622,0.05,200,0,888.3
1979,-1.875,0.6982,4.733761,0.05,200,0,888.8
1980,-1.85,0.4857,4.351342,0.05,200,0,889.3
1981,-1.65,0.4847,4.583469,0.05,200,0,889.8
1982,-1.75,0.2735,4.010175,0.05,200,0,890.2
1983,8.87,0.4829,3.261353,0.05,139,1,890.6
1984,-1.7,0.2775,4.32953,0.05,200,0,891.1
1985,-1.725,0.274,5.191192,0.05,200,0,891.6
1986,-1.725,0.2715,4.433734,0.05,200,0,892.1
1987,-1.8,0.269,4.077759,0.05,200,0,892.6
1988,-1.85,0.264,5.358386,0.05,200,0,893.1
1989,-1.65,0.262,5.340879,0.05,200,0,893.6
1990,-1.725,0.2595,6.47839,0.05,200,0,894.1
1991,-1.725,0.2595,4.82685,0.05,200,0,894.5
1992,-1.7,0.0504,5.593291,0.05,200,0,895.0
1993,-1.675,0.0519,6.760257,0.05,200,0,895.5
1994,-1.6,-0.1771,5.474977,0.05,200,0,896.0
1995,-1.625,-0.1761,5.113745,0.05,200,0,896.5
1996,-1.725,-0.1751,6.157378,0.05,200,0,897.0
1997,-1.725,-0.3829,5.468538,0.05,200,0,897.5
1998,-1.7,-0.6009,5.604184,0.05,200,0,898.0
1999,-1.65,-0.5999,4.511098,0.05,200,0,898.5
2000,-1.75,-0.5994,4.274859,0.05,200,0,899.0
1,7.7,7.7,8.4e-05,0.4555,291,1,0.5
2,-2.225,2.7375,0.14283,0.0783,300,0,1.0
3,-2.8,0.8917,0.189888,0.0503,300,0,1.6
4,-2.65,0.0063,0.114915,0.05,300,0,2.2
5,-2.75,-0.545,0.084292,0.05,300,0,2.7
6,-2.825,-0.925,0.063753,0.05,300,0,3.3
7,8.25,0.3857,0.064102,0.05,231,1,3.7
8,-2.5,0.025,0.067633,0.05,300,0,4.3
9,-2.4,-0.2444,0.121945,0.05,300,0,4.9
10,-2.35,-0.455,0.153359,0.05,300,0,5.5
11,-2.725,-0.6614,0.207996,0.05,300,0,6.1
12,-2.45,-0.8104,0.216126,0.05,300,0,6.7
13,-2.5,-0.9404,0.240446,0.05,300,0,7.4
14,-2.45,-1.0482,0.227218,0.05,300,0,8.0
15,-2.5,-1.145,0.32823,0.05,300,0,8.6
16,10.095,-0.4425,0.145892,0.05,19,1,8.6
17,10.07,0.1759,0.529334,0.05,19,1,8.6
18,10.13,0.7289,0.052037,0.05,18,1,8.7
19,-2.7,0.5484,0.365743,0.05,300,0,9.2
20,9.75,1.0085,0.596587,0.05,56,1,9.3
21,10.08,1.4405,0.39666,0.05,18,1,9.4
22,-2.625,1.2557,0.338966,0.05,300,0,9.9
23,10.12,1.6411,0.326164,0.05,14,1,9.9
24,9.155,1.9542,0.381462,0.05,123,1,10.2
25,-2.45,1.778,0.308318,0.05,300,0,10.8
26,9.695,2.0825,0.389979,0.05,69,1,10.9
27,-2.325,1.9193,0.376562,0.05,300,0,11.5
28,9.645,2.1952,0.501434,0.05,64,1,11.6
29,8.395,2.409,0.307967,0.05,224,1,12.0
30,8.85,2.6237,0.418136,0.05,186,1,12.4
31,-2.525,2.4576,0.403253,0.05,300,0,12.9
32,8.755,2.6544,0.349668,0.05,188,1,13.3
33,8.525,2.8323,0.399909,0.05,221,1,13.7
34,-2.25,2.6828,0.377853,0.05,300,0,14.3
35,8.375,2.8454,0.461781,0.05,231,1,14.8
36,9.37,3.0267,0.320943,0.05,144,1,15.1
37,8.935,3.1864,0.423625,0.05,185,1,15.4
38,9.23,3.3454,0.380075,0.05,153,1,15.7
39,-2.2,3.2032,0.408094,0.05,300,0,16.3
40,-2.25,3.0669,0.402183,0.05,300,0,16.8
41,8.58,3.2013,0.511204,0.05,228,1,17.3
42,9.165,3.3433,0.441482,0.05,137,1,17.5
43,9.23,3.4802,0.509239,0.05,148,1,17.8
44,9.33,3.6132,0.723237,0.05,148,1,18.1
45,9.755,3.7497,0.40179,0.05,103,1,18.3
46,8.665,3.8565,0.459935,0.05,212,1,18.7
47,-2.2,3.7277,0.417201,0.05,300,0,19.3
48,10.0,3.8583,0.291764,0.05,51,1,19.4
49,10.03,3.9843,0.580453,0.05,78,1,19.5
50,9.41,4.0928,0.423081,0.05,130,1,19.8
51,-2.15,3.8958,0.450868,0.05,300,0,20.4
52,8.955,4.1194,0.481581,0.05,178,1,20.7
53,9.685,4.3691,0.482482,0.05,100,1,20.9
54,-2.3,4.3761,0.541257,0.05,300,0,21.5
55,8.195,4.595,0.550856,0.05,264,1,22.1
56,-2.25,4.6065,0.389502,0.05,300,0,22.6
57,9.57,4.6329,0.380548,0.05,104,1,22.9
58,-2.375,4.6354,0.487876,0.05,300,0,23.4
59,-2.35,4.6364,0.479472,0.05,300,0,24.0
60,8.16,4.8466,0.542792,0.05,245,1,24.5
61,-2.55,4.8501,0.51604,0.05,300,0,25.1
62,-2.625,4.8466,0.424964,0.05,300,0,25.7
63,-2.275,4.8511,0.450478,0.05,300,0,26.2
64,-2.8,4.8441,0.440087,0.05,300,0,26.8
65,9.155,5.0772,0.313026,0.05,133,1,27.1
66,8.27,5.0407,0.159096,0.05,214,1,27.5
67,-2.55,4.7883,0.383648,0.05,300,0,28.1
68,8.25,4.7507,0.407895,0.05,206,1,28.5
69,9.84,5.0015,0.431824,0.05,57,1,28.6
70,-2.325,4.76,0.439881,0.05,300,0,29.1
71,7.635,4.7111,0.258099,0.05,295,1,29.7
72,8.505,4.9337,0.206545,0.05,213,1,30.1
73,8.03,4.8919,0.365195,0.05,253,1,30.6
74,-2.375,4.6613,0.229433,0.05,300,0,31.2
75,7.995,4.8702,0.316887,0.05,239,1,31.7
76,-2.45,4.6273,0.322169,0.05,300,0,32.3
77,-2.525,4.6233,0.293416,0.05,300,0,32.9
78,-2.525,4.3799,0.263939,0.05,300,0,33.4
79,-2.525,4.1615,0.295595,0.05,300,0,34.0
80,-2.55,3.9335,0.297954,0.05,300,0,34.6
81,-2.65,3.931,0.400632,0.05,300,0,35.2
82,8.195,3.9198,0.392573,0.05,224,1,35.6
83,8.165,3.9126,0.261074,0.05,232,1,36.0
84,8.22,4.122,0.245999,0.05,219,1,36.5
85,-2.575,3.903,0.27829,0.05,300,0,37.1
86,9.505,3.9057,0.255558,0.05,103,1,37.3
87,8.615,3.8993,0.310013,0.05,182,1,37.6
88,8.65,3.8877,0.344878,0.05,181,1,38.0
89,-2.6,3.8797,0.323767,0.05,300,0,38.6
90,-2.725,3.8702,0.348147,0.05,300,0,39.2
91,7.97,3.858,0.399551,0.05,269,1,39.7
92,-2.375,3.6272,0.342683,0.05,300,0,40.3
93,-2.425,3.3941,0.389459,0.05,300,0,40.9
94,-2.275,3.162,0.306622,0.05,300,0,41.5
95,-2.625,2.9144,0.383906,0.05,300,0,42.1
96,8.655,2.9142,0.44992,0.05,178,1,42.4
97,-2.3,2.9122,0.422617,0.05,300,0,43.0
98,-2.275,2.6667,0.309656,0.05,300,0,43.6
99,10.04,2.6669,0.405477,0.05,27,1,43.6
100,-2.275,2.4332,0.410188,0.05,300,0,44.2
101,9.81,2.6724,0.397463,0.05,70,1,44.4
102,8.72,2.6677,0.396146,0.05,164,1,44.7
103,-2.25,2.429,0.363464,0.05,300,0,45.3
104,7.6,2.627,0.310667,0.05,296,1,45.9
105,8.37,2.6305,0.344336,0.05,239,1,46.3
106,7.97,2.8349,0.414443,0.05,269,1,46.9
107,8.375,2.811,0.444653,0.05,211,1,47.4
108,8.85,3.0355,0.232058,0.05,181,1,47.7
109,7.815,3.2388,0.361273,0.05,287,1,48.2
110,9.705,3.2697,0.232979,0.05,88,1,48.4
111,-2.4,3.2727,0.228631,0.05,300,0,49.0
112,-2.475,3.2757,0.347354,0.05,300,0,49.6
113,-2.5,3.2712,0.320936,0.05,300,0,50.1
114,9.425,3.5157,0.324963,0.05,106,1,50.4
115,8.24,3.4974,0.296244,0.05,242,1,50.8
116,-2.675,3.2785,0.321358,0.05,300,0,51.5
117,-2.45,3.2805,0.400612,0.05,300,0,52.1
118,8.75,3.2905,0.265018,0.05,176,1,52.4
119,-2.425,3.0452,0.309743,0.05,300,0,53.0
120,8.0,3.2517,0.318995,0.05,256,1,53.5
121,-2.475,3.0495,0.354826,0.05,300,0,54.1
122,-2.75,2.8244,0.380352,0.05,300,0,54.7
123,-2.675,2.6103,0.296774,0.05,300,0,55.2
124,-2.675,2.6043,0.242124,0.05,300,0,55.8
125,7.92,2.6028,0.369724,0.05,244,1,56.3
126,-2.55,2.6008,0.365918,0.05,300,0,56.8
127,8.055,2.8124,0.354195,0.05,248,1,57.3
128,-2.425,2.8144,0.25216,0.05,300,0,57.9
129,-2.525,2.8144,0.332784,0.05,300,0,58.5
130,-2.475,2.8159,0.241033,0.05,300,0,59.0
131,7.83,3.0255,0.223201,0.05,268,1,59.6
132,-2.55,2.8106,0.298992,0.05,300,0,60.2
133,7.865,2.8046,0.313916,0.05,272,1,60.7
134,9.24,2.825,0.17704,0.05,117,1,60.9
135,9.025,3.057,0.313165,0.05,146,1,61.2
136,-2.6,2.8149,0.219158,0.05,300,0,61.8
137,-2.525,2.5921,0.297805,0.05,300,0,62.4
138,9.265,2.6044,0.458324,0.05,122,1,62.6
139,-2.5,2.6064,0.274013,0.05,300,0,63.2
140,-2.45,2.6119,0.279861,0.05,300,0,63.8
141,8.92,2.6309,0.221103,0.05,154,1,64.1
142,-2.525,2.6279,0.323679,0.05,300,0,64.7
143,-2.725,2.6219,0.261978,0.05,300,0,65.2
144,8.34,2.8342,0.335931,0.05,217,1,65.7
145,-2.55,2.8357,0.224821,0.05,300,0,66.3
146,9.34,2.8494,0.246299,0.05,107,1,66.6
147,-2.45,2.8464,0.321895,0.05,300,0,67.2
148,-2.575,2.8404,0.304051,0.05,300,0,67.7
149,-2.575,2.5881,0.313816,0.05,300,0,68.3
150,-2.5,2.5836,0.345782,0.05,300,0,68.9
151,-2.55,2.3364,0.264507,0.05,300,0,69.5
152,-2.525,2.1115,0.319111,0.05,300,0,70.1
153,-2.5,2.1065,0.311942,0.05,300,0,70.7
154,-2.45,1.9055,0.288864,0.05,300,0,71.3
155,8.985,1.9178,0.325803,0.05,155,1,71.6
156,9.945,1.9573,0.302539,0.05,39,1,71.6
157,8.825,1.9663,0.326934,0.05,161,1,71.9
158,9.28,1.9749,0.216385,0.05,103,1,72.1
159,7.555,1.9697,0.326932,0.05,283,1,72.7
160,9.54,1.9664,0.285052,0.05,97,1,72.9
161,-2.5,1.9644,0.284449,0.05,300,0,73.4
162,8.6,2.1859,0.232123,0.05,186,1,73.8
163,-2.7,2.1819,0.303638,0.05,300,0,74.4
164,-2.375,1.9459,0.392013,0.05,300,0,75.0
165,10.03,1.9817,0.169087,0.05,38,1,75.0
166,10.2,2.2392,0.451858,0.05,26,1,75.1
167,-2.725,2.2337,0.294154,0.05,300,0,75.7
168,-2.45,2.0097,0.2886,0.05,300,0,76.2
169,-2.5,2.0082,0.186087,0.05,300,0,76.8
170,-2.45,1.7992,0.304908,0.05,300,0,77.4
171,-2.775,1.7932,0.311548,0.05,300,0,78.0
172,-2.625,1.7957,0.240167,0.05,300,0,78.6
173,-2.45,1.8002,0.289516,0.05,300,0,79.2
174,10.03,2.0543,0.202994,0.05,28,1,79.2
175,-2.625,1.8434,0.352011,0.05,300,0,79.8
176,-2.475,1.8449,0.307337,0.05,300,0,80.4
177,-2.5,1.6338,0.322441,0.05,300,0,81.0
178,-2.6,1.6303,0.314908,0.05,300,0,81.6
179,-2.475,1.6313,0.381637,0.05,300,0,82.1
180,7.82,1.8372,0.29336,0.05,254,1,82.6
181,-2.475,1.6311,0.165063,0.05,300,0,83.2
182,8.17,1.8455,0.279688,0.05,219,1,83.6
183,-2.6,1.6362,0.294093,0.05,300,0,84.2
184,-2.85,1.3944,0.324258,0.05,300,0,84.8
185,-2.425,1.1654,0.322819,0.05,300,0,85.4
186,9.02,1.3978,0.30512,0.05,139,1,85.6
187,-2.65,1.3953,0.214914,0.05,300,0,86.2
188,8.5,1.38,0.235221,0.05,196,1,86.6
189,-2.775,1.3745,0.211126,0.05,300,0,87.2
190,-2.65,1.3705,0.24146,0.05,300,0,87.8
191,9.385,1.3798,0.191364,0.05,90,1,88.0
192,9.46,1.6195,0.272012,0.05,90,1,88.1
193,9.79,1.8698,0.238638,0.05,47,1,88.2
194,-2.55,1.652,0.245665,0.05,300,0,88.8
195,-2.75,1.648,0.236041,0.05,300,0,89.4
196,9.1,1.6432,0.278903,0.05,126,1,89.7
197,10.04,1.893,0.284044,0.05,37,1,89.7
198,-2.7,1.8905,0.244558,0.05,300,0,90.3
199,-2.75,1.887,0.266695,0.05,300,0,90.9
200,9.86,2.1342,0.350273,0.05,65,1,91.0
201,9.675,2.3787,0.167115,0.05,61,1,91.1
202,9.47,2.6186,0.300565,0.05,94,1,91.3
203,-2.625,2.6161,0.255195,0.05,300,0,91.9
204,9.995,2.865,0.21087,0.05,39,1,92.0
205,10.045,2.8862,0.277035,0.05,34,1,92.0
206,10.085,2.889,0.145987,0.05,20,1,92.1
207,10.135,2.9152,0.115522,0.05,15,1,92.1
208,9.475,2.9191,0.281758,0.05,96,1,92.3
209,8.415,2.9363,0.292539,0.05,187,1,92.7
210,-2.6,2.6935,0.245848,0.05,300,0,93.2
211,10.14,2.9463,0.327814,0.05,27,1,93.3
212,10.025,2.9748,0.260839,0.05,26,1,93.3
213,-2.6,2.9768,0.321303,0.05,300,0,93.9
214,-2.65,2.9713,0.278899,0.05,300,0,94.5
215,9.23,2.9553,0.281146,0.05,123,1,94.7
216,10.125,2.9538,0.09118,0.05,16,1,94.8
217,9.97,3.2077,0.244592,0.05,34,1,94.8
218,9.9,3.4547,0.198965,0.05,41,1,94.9
219,-2.6,3.4527,0.223206,0.05,300,0,95.5
220,7.87,3.6591,0.262824,0.05,269,1,96.0
221,-2.675,3.6611,0.212649,0.05,300,0,96.6
222,-2.575,3.6621,0.250987,0.05,300,0,97.2
223,-2.5,3.6611,0.239048,0.05,300,0,97.8
224,8.9,3.6385,0.223724,0.05,161,1,98.1
225,9.88,3.8886,0.258194,0.05,53,1,98.2
226,8.74,4.1129,0.209206,0.05,172,1,98.6
227,8.735,4.3376,0.246896,0.05,170,1,98.9
228,-2.65,4.3366,0.175552,0.05,300,0,99.5
229,7.975,4.5456,0.210798,0.05,251,1,100.0
230,-2.675,4.3357,0.226591,0.05,300,0,100.5
231,9.67,4.5786,0.274912,0.05,59,1,100.7
232,10.125,4.6177,0.231667,0.05,16,1,100.7
233,-2.725,4.6152,0.226134,0.05,300,0,101.3
234,9.775,4.8677,0.184279,0.05,46,1,101.4
235,10.135,5.1189,0.362777,0.05,20,1,101.4
236,10.15,5.1415,0.019112,0.05,16,1,101.5
237,8.805,5.3706,0.166617,0.05,153,1,101.8
238,10.04,5.4014,0.111382,0.05,22,1,101.8
239,10.11,5.6591,0.155143,0.05,15,1,101.9
240,9.195,5.896,0.172199,0.05,114,1,102.1
241,10.135,5.911,0.115239,0.05,10,1,102.1
242,10.135,5.9245,0.152529,0.05,10,1,102.1
243,9.195,5.9126,0.180105,0.05,129,1,102.4
244,10.135,6.1663,0.395652,0.05,10,1,102.4
245,9.055,6.4024,0.187782,0.05,138,1,102.7
246,10.18,6.424,0.31872,0.05,13,1,102.7
247,10.135,6.4259,0.38416,0.05,10,1,102.7
248,10.15,6.6829,0.026031,0.05,11,1,102.8
249,10.135,6.9406,0.288131,0.05,10,1,102.8
250,9.96,6.9426,0.218876,0.05,30,1,102.9
251,9.805,6.9452,0.161419,0.05,53,1,103.0
252,10.125,6.9583,0.39952,0.05,11,1,103.0
253,10.095,7.2127,0.158627,0.05,19,1,103.1
254,10.135,7.2155,0.13909,0.05,10,1,103.1
255,10.15,7.2176,0.338501,0.05,11,1,103.1
256,10.075,7.2174,0.193505,0.05,16,1,103.1
257,10.085,7.2164,0.323892,0.05,25,1,103.2
258,10.135,7.2296,0.200906,0.05,15,1,103.2
259,10.095,7.2632,0.113493,0.05,14,1,103.3
260,10.155,7.5183,0.22455,0.05,13,1,103.3
261,9.985,7.5152,0.108485,0.05,30,1,103.3
262,10.165,7.518,0.119602,0.05,12,1,103.4
263,10.15,7.773,0.217061,0.05,11,1,103.4
264,10.14,8.0288,0.56709,0.05,12,1,103.4
265,10.115,8.0465,0.112051,0.05,12,1,103.4
266,10.155,8.0471,0.113585,0.05,13,1,103.5
267,10.13,8.0503,0.009244,0.05,18,1,103.5
268,10.165,8.0556,0.117286,0.05,12,1,103.5
269,10.125,8.3101,0.200046,0.05,11,1,103.6
270,10.115,8.355,0.304889,0.05,12,1,103.6
271,10.15,8.6115,0.258352,0.05,11,1,103.6
272,8.2,8.827,0.163377,0.05,231,1,104.1
273,10.135,9.0797,0.291559,0.05,10,1,104.1
274,10.0,9.1017,0.276984,0.05,31,1,104.2
275,10.135,9.1068,0.302599,0.05,10,1,104.2
276,10.145,9.1349,0.180107,0.05,14,1,104.2
277,10.065,9.1615,0.408814,0.05,17,1,104.2
278,10.15,9.4175,0.129137,0.05,11,1,104.3
279,10.135,9.4607,0.01453,0.05,10,1,104.3
280,10.165,9.7175,0.144503,0.05,12,1,104.3
281,9.99,9.7239,0.075856,0.05,37,1,104.4
282,10.105,9.7235,0.20962,0.05,13,1,104.4
283,10.105,9.9801,0.337016,0.05,13,1,104.4
284,8.09,9.9464,0.117036,0.05,247,1,104.9
285,9.165,9.927,0.173495,0.05,117,1,105.1
286,10.055,9.9251,0.127103,0.05,23,1,105.2
287,10.15,9.952,0.134269,0.05,11,1,105.2
288,10.04,9.952,0.231264,0.05,32,1,105.3
289,10.15,9.9528,0.014272,0.05,16,1,105.3
290,10.015,9.9692,0.100028,0.05,27,1,105.4
291,10.155,9.9696,0.08041,0.05,18,1,105.4
292,10.155,9.97,0.302391,0.05,13,1,105.4
293,10.145,9.989,0.108862,0.05,14,1,105.5
294,9.855,9.9834,0.056219,0.05,48,1,105.6
295,10.13,10.0049,0.110515,0.05,13,1,105.6
296,9.91,9.9995,0.273859,0.05,40,1,105.7
297,10.135,9.9995,0.152321,0.05,10,1,105.7
298,9.87,9.9939,0.191737,0.05,44,1,105.8
299,10.11,9.9934,0.123404,0.05,20,1,105.8
300,10.155,9.9973,0.012317,0.05,13,1,105.8
301,10.06,10.0024,0.166064,0.05,25,1,105.9
302,10.15,10.0029,0.009722,0.05,11,1,105.9
303,10.155,10.0041,0.132905,0.05,18,1,105.9
304,10.12,10.0038,0.102627,0.05,14,1,106.0
305,10.085,10.0025,0.370713,0.05,20,1,106.0
306,10.155,10.0041,0.011673,0.05,13,1,106.0
307,10.15,10.0054,0.113666,0.05,11,1,106.0
308,9.905,10.0008,0.0576,0.05,43,1,106.1
309,10.15,10.0019,0.011792,0.05,11,1,106.1
310,10.165,10.0021,0.007018,0.05,12,1,106.2
311,10.15,10.0054,0.329764,0.05,11,1,106.2
312,10.045,10.003,0.257535,0.05,24,1,106.2
313,10.065,10.0013,0.207502,0.05,22,1,106.3
314,10.07,9.9999,0.092677,0.05,19,1,106.3
315,10.145,10.0005,0.081353,0.05,19,1,106.4
316,10.17,10.0008,0.006825,0.05,14,1,106.4
317,10.095,10.0001,0.101585,0.05,24,1,106.4
318,10.145,9.9997,0.110884,0.05,14,1,106.5
319,10.165,10.0005,0.285358,0.05,12,1,106.5
320,9.52,9.9886,0.195548,0.05,79,1,106.6
321,10.135,9.9883,0.304522,0.05,10,1,106.6
322,10.155,10.0274,0.204225,0.05,13,1,106.7
323,10.15,10.0277,0.015024,0.05,16,1,106.7
324,10.15,10.0307,0.334393,0.05,16,1,106.7
325,10.02,10.0284,0.159417,0.05,29,1,106.8
326,10.135,10.0282,0.211668,0.05,10,1,106.8
327,10.165,10.0302,0.114574,0.05,12,1,106.8
328,10.15,10.0302,0.072071,0.05,11,1,106.9
329,10.185,10.0312,0.196703,0.05,15,1,106.9
330,10.135,10.0306,0.24805,0.05,10,1,106.9
331,10.155,10.0339,0.202402,0.05,13,1,106.9
332,10.085,10.0335,0.180616,0.05,15,1,107.0
333,10.145,10.0343,0.015291,0.05,14,1,107.0
334,10.175,10.076,0.013955,0.05,16,1,107.0
335,10.155,10.0958,0.320886,0.05,13,1,107.1
336,10.185,10.0984,0.167479,0.05,15,1,107.1
337,10.15,10.0984,0.073137,0.05,16,1,107.1
338,10.15,10.1006,0.006958,0.05,11,1,107.1
339,10.155,10.1007,0.227085,0.05,13,1,107.2
340,9.79,10.0962,0.082792,0.05,47,1,107.3
341,10.135,10.0958,0.430454,0.05,15,1,107.3
342,10.115,10.095,0.086503,0.05,22,1,107.3
343,10.135,10.0948,0.011772,0.05,10,1,107.4
344,10.1,10.0997,0.089949,0.05,16,1,107.4
345,10.135,10.0998,0.131742,0.05,10,1,107.4
346,10.165,10.1049,0.133386,0.05,12,1,107.4
347,10.145,10.1051,0.418857,0.05,14,1,107.5
348,10.175,10.1112,0.137174,0.05,16,1,107.5
349,10.145,10.1119,0.192685,0.05,14,1,107.5
350,10.135,10.1115,0.153142,0.05,10,1,107.6
351,10.115,10.1126,0.087976,0.05,17,1,107.6
352,10.165,10.1129,0.229249,0.05,12,1,107.6
353,10.165,10.1131,0.115065,0.05,12,1,107.6
354,10.165,10.114,0.133017,0.05,12,1,107.7
355,10.135,10.115,0.28652,0.05,10,1,107.7
356,10.165,10.1152,0.312643,0.05,12,1,107.7
357,10.155,10.1153,0.12067,0.05,13,1,107.7
358,-2.55,9.8662,0.136971,0.05,300,0,108.3
359,10.165,9.8665,0.167742,0.05,12,1,108.4
360,10.135,9.8659,0.188034,0.05,15,1,108.4
361,10.135,9.8656,0.247554,0.05,10,1,108.4
362,10.16,9.8679,0.115266,0.05,20,1,108.4
363,10.05,9.8676,0.293769,0.05,21,1,108.5
364,10.145,9.8691,0.196274,0.05,14,1,108.5
365,10.165,9.8695,0.261605,0.05,12,1,108.5
366,10.135,9.8688,0.146536,0.05,10,1,108.5
367,10.075,9.8684,0.161419,0.05,26,1,108.6
368,10.165,9.8688,0.58422,0.05,12,1,108.6
369,10.105,9.8676,0.075676,0.05,13,1,108.6
370,9.765,9.8725,0.221788,0.05,52,1,108.8
371,-2.4,9.6218,0.115823,0.05,300,0,109.3
372,10.135,9.6214,0.013551,0.05,10,1,109.4
373,10.105,9.6205,0.010362,0.05,13,1,109.4
374,9.975,9.617,0.08869,0.05,36,1,109.5
375,10.1,9.6186,0.149411,0.05,21,1,109.5
376,9.575,9.6074,0.069266,0.05,101,1,109.7
377,10.095,9.606,0.085109,0.05,19,1,109.7
378,10.175,9.6065,0.07879,0.05,21,1,109.8
379,10.135,9.6055,0.008533,0.05,10,1,109.8
380,10.165,9.6061,0.141123,0.05,12,1,109.8
381,10.13,9.6056,0.01105,0.05,13,1,109.9
382,10.135,9.6066,0.013019,0.05,10,1,109.9
383,10.135,9.6064,0.004808,0.05,10,1,109.9
384,10.155,9.606,0.005533,0.05,13,1,109.9
385,10.135,9.6056,0.132151,0.05,10,1,109.9
386,10.125,9.6044,0.247369,0.05,11,1,110.0
387,10.14,9.6042,0.130649,0.05,12,1,110.0
388,10.135,9.6039,0.231567,0.05,10,1,110.0
389,10.135,9.6035,0.014505,0.05,10,1,110.0
390,10.17,9.6111,0.324339,0.05,14,1,110.1
391,10.075,9.6099,0.207617,0.05,16,1,110.1
392,10.065,9.6089,0.010642,0.05,17,1,110.1
393,10.125,9.6087,0.088537,0.05,11,1,110.1
394,10.105,9.6088,0.01073,0.05,13,1,110.2
395,10.135,9.6088,0.147604,0.05,10,1,110.2
396,10.115,9.6078,0.121005,0.05,12,1,110.2
397,10.115,9.6072,0.12054,0.05,17,1,110.3
398,10.135,9.6064,0.265448,0.05,10,1,110.3
399,10.085,9.6052,0.095197,0.05,15,1,110.3
400,10.135,9.6052,0.141666,0.05,10,1,110.3
401,10.135,9.6056,0.124222,0.05,10,1,110.3
402,-2.5,9.3523,0.113992,0.05,300,0,111.0
403,10.135,9.3517,0.011171,0.05,10,1,111.0
404,10.155,9.3515,0.194272,0.05,13,1,111.0
405,10.115,9.3511,0.011032,0.05,12,1,111.0
406,10.135,9.3505,0.005612,0.05,10,1,111.0
407,10.135,9.3501,0.097938,0.05,10,1,111.1
408,10.155,9.6042,0.005205,0.05,13,1,111.1
409,10.15,9.6039,0.065301,0.05,11,1,111.1
410,10.155,9.6043,0.010122,0.05,13,1,111.1
411,10.135,9.6043,0.009094,0.05,10,1,111.2
412,10.14,9.6039,0.007161,0.05,12,1,111.2
413,10.135,9.6056,0.159847,0.05,10,1,111.2
414,10.125,9.6052,0.363106,0.05,11,1,111.2
415,10.135,9.6046,0.021911,0.05,10,1,111.2
416,10.14,9.6047,0.063561,0.05,12,1,111.3
417,10.125,9.6057,0.008451,0.05,11,1,111.3
418,10.175,9.6059,0.182077,0.05,16,1,111.3
419,10.01,9.604,0.145466,0.05,25,1,111.4
420,10.135,9.6114,0.295613,0.05,20,1,111.4
421,10.065,9.8607,0.091083,0.05,17,1,111.4
422,10.135,9.8607,0.17062,0.05,10,1,111.5
423,10.15,9.8616,0.010084,0.05,11,1,111.5
424,10.135,9.8648,0.158588,0.05,10,1,111.5
425,10.105,9.8649,0.109792,0.05,13,1,111.5
426,10.1,9.8754,0.072327,0.05,21,1,111.6
427,10.135,9.8762,0.148045,0.05,10,1,111.6
428,10.115,9.875,0.353631,0.05,12,1,111.6
429,10.135,9.875,0.273694,0.05,10,1,111.6
430,10.065,9.873,0.181951,0.05,17,1,111.7
431,10.125,9.8729,0.232934,0.05,11,1,111.7
432,10.165,9.8735,0.013972,0.05,12,1,111.7
433,10.135,9.8735,0.13903,0.05,10,1,111.7
434,10.115,9.8727,0.236346,0.05,12,1,111.8
435,10.135,9.8727,0.010723,0.05,10,1,111.8
436,10.135,9.8729,0.008946,0.05,10,1,111.8
437,10.14,9.8729,0.158994,0.05,12,1,111.8
438,10.135,9.8729,0.117217,0.05,10,1,111.8
439,10.135,9.8729,0.155621,0.05,10,1,111.9
440,10.12,9.8719,0.013961,0.05,14,1,111.9
441,10.135,9.8731,0.007406,0.05,10,1,111.9
442,10.155,9.8749,0.337746,0.05,13,1,111.9
443,10.15,9.8754,0.070995,0.05,11,1,112.0
444,10.15,9.8763,0.111596,0.05,11,1,112.0
445,10.135,9.8763,0.254186,0.05,10,1,112.0
446,10.135,9.8767,0.009789,0.05,10,1,112.0
447,10.15,9.8774,0.136513,0.05,11,1,112.0
448,10.065,9.876,0.011948,0.05,27,1,112.1
449,10.155,9.8774,0.112643,0.05,13,1,112.1
450,10.13,9.8773,0.115107,0.05,13,1,112.2
451,10.135,9.8773,0.009617,0.05,10,1,112.2
452,10.115,10.1296,0.216728,0.05,12,1,112.2
453,10.14,10.1297,0.099822,0.05,17,1,112.2
454,10.065,10.1279,0.15949,0.05,22,1,112.3
455,10.15,10.1286,0.277993,0.05,11,1,112.3
456,10.185,10.1296,0.102524,0.05,15,1,112.3
457,10.155,10.13,0.006963,0.05,13,1,112.4
458,10.145,10.1298,0.111357,0.05,14,1,112.4
459,10.14,10.1296,0.114645,0.05,12,1,112.4
460,10.135,10.1292,0.145116,0.05,10,1,112.4
461,10.13,10.1291,0.009007,0.05,13,1,112.5
462,10.155,10.1294,0.309665,0.05,13,1,112.5
463,10.045,10.1276,0.285269,0.05,19,1,112.5
464,10.135,10.1278,0.134551,0.05,10,1,112.5
465,10.095,10.127,0.158357,0.05,19,1,112.6
466,8.255,10.0893,0.089545,0.05,208,1,113.0
467,10.15,10.0898,0.005306,0.05,11,1,113.0
468,10.135,10.089,0.283568,0.05,10,1,113.0
469,10.15,10.0918,0.382845,0.05,11,1,113.0
470,10.15,10.0921,0.117633,0.05,11,1,113.1
471,10.115,10.0931,0.094147,0.05,12,1,113.1
472,10.15,10.0934,0.249909,0.05,11,1,113.1
473,10.185,10.0941,0.192545,0.05,15,1,113.1
474,10.125,10.0939,0.011844,0.05,11,1,113.2
475,10.135,10.0945,0.146682,0.05,10,1,113.2
476,10.125,10.095,0.378895,0.05,11,1,113.2
477,10.125,10.0948,0.015152,0.05,11,1,113.2
478,10.085,10.0942,0.092159,0.05,15,1,113.3
479,10.18,10.0951,0.205142,0.05,13,1,113.3
480,10.15,10.0968,0.01029,0.05,11,1,113.3
481,10.15,10.0973,0.006465,0.05,11,1,113.3
482,10.125,10.0965,0.253468,0.05,11,1,113.4
483,10.15,10.0968,0.012335,0.05,11,1,113.4
484,10.135,10.0972,0.011304,0.05,10,1,113.4
485,10.165,10.0978,0.007196,0.05,12,1,113.4
486,10.115,10.0974,0.195687,0.05,22,1,113.5
487,10.165,10.0979,0.00845,0.05,12,1,113.5
488,10.115,10.0975,0.131218,0.05,12,1,113.5
489,10.175,10.0983,0.097335,0.05,16,1,113.5
490,10.135,10.0986,0.010137,0.05,10,1,113.6
491,10.135,10.0986,0.264337,0.05,10,1,113.6
492,10.135,10.0982,0.009794,0.05,10,1,113.6
493,10.135,10.0979,0.29078,0.05,10,1,113.6
494,10.135,10.0976,0.134395,0.05,10,1,113.6
495,10.135,10.0976,0.015643,0.05,10,1,113.7
496,10.125,10.0974,0.259383,0.05,11,1,113.7
497,10.135,10.0971,0.008081,0.05,10,1,113.7
498,10.115,10.0981,0.106586,0.05,12,1,113.7
499,10.135,10.0977,0.133926,0.05,10,1,113.7
500,10.135,10.0978,0.489046,0.05,10,1,113.8
501,10.15,10.0981,0.143591,0.05,11,1,113.8
502,10.105,10.0979,0.087102,0.05,18,1,113.8
503,10.1,10.0971,0.094879,0.05,16,1,113.9
504,10.1,10.0978,0.008401,0.05,21,1,113.9
505,10.135,10.0975,0.01954,0.05,10,1,113.9
506,10.125,10.0963,0.14337,0.05,11,1,113.9
507,10.135,10.0959,0.006778,0.05,10,1,114.0
508,10.105,10.0951,0.205721,0.05,13,1,114.0
509,10.125,10.0948,0.017287,0.05,11,1,114.0
510,10.15,10.0951,0.108389,0.05,11,1,114.0
511,10.115,10.0948,0.105584,0.05,12,1,114.0
512,10.15,10.0947,0.006944,0.05,11,1,114.1
513,10.135,10.0965,0.132714,0.05,10,1,114.1
514,10.135,10.0965,0.10104,0.05,10,1,114.1
515,10.165,10.0979,0.008828,0.05,12,1,114.1
516,10.135,10.1355,0.143838,0.05,10,1,114.2
517,10.15,10.1355,0.00822,0.05,11,1,114.2
518,10.13,10.1354,0.113102,0.05,13,1,114.2
519,10.145,10.1353,0.102288,0.05,14,1,114.2
520,10.135,10.135,0.007588,0.05,10,1,114.3
521,10.12,10.1351,0.072684,0.05,14,1,114.3
522,10.135,10.1348,0.020019,0.05,10,1,114.3
523,10.135,10.1338,0.016039,0.05,10,1,114.3
524,10.095,10.1332,0.004155,0.05,14,1,114.3
525,10.165,10.1338,0.077158,0.05,12,1,114.4
526,10.15,10.1343,0.064076,0.05,11,1,114.4
527,10.135,10.1345,0.083171,0.05,10,1,114.4
528,10.135,10.1355,0.005444,0.05,10,1,114.4
529,10.105,10.134,0.143019,0.05,18,1,114.5
530,10.135,10.1337,0.010763,0.05,10,1,114.5
531,10.165,10.134,0.10854,0.05,12,1,114.5
532,10.15,10.1345,0.12799,0.05,11,1,114.5
533,10.145,10.1344,0.09434,0.05,14,1,114.6
534,10.105,10.1338,0.020805,0.05,13,1,114.6
535,10.155,10.1336,0.018404,0.05,13,1,114.6
536,10.135,10.134,0.088125,0.05,10,1,114.6
537,10.085,10.1324,0.258621,0.05,20,1,114.7
538,10.145,10.133,0.007478,0.05,14,1,114.7
539,10.125,10.132,0.129934,0.05,11,1,114.7
540,10.125,10.1318,0.00631,0.05,11,1,114.7
541,10.115,10.1314,0.058864,0.05,12,1,114.8
542,10.115,10.131,0.065307,0.05,12,1,114.8
543,10.135,10.131,0.200588,0.05,10,1,114.8
544,10.15,10.1313,0.007456,0.05,11,1,114.8
545,10.155,10.1317,0.048514,0.05,13,1,114.9
546,10.135,10.1319,0.131831,0.05,10,1,114.9
547,10.085,10.1309,0.13748,0.05,20,1,114.9
548,10.125,10.1311,0.01848,0.05,11,1,114.9
549,10.135,10.1311,0.275385,0.05,10,1,115.0
550,10.08,10.13,0.079631,0.05,18,1,115.0
551,10.1,10.129,0.009353,0.05,16,1,115.0
552,10.135,10.1296,0.193006,0.05,10,1,115.0
553,10.135,10.1303,0.126548,0.05,10,1,115.1
554,10.115,10.1306,0.010801,0.05,12,1,115.1
555,10.135,10.1306,0.0127,0.05,10,1,115.1
556,10.135,10.1308,0.005396,0.05,10,1,115.1
557,10.135,10.1308,0.12902,0.05,10,1,115.1
558,10.135,10.1314,0.258875,0.05,10,1,115.2
559,10.12,10.1313,0.009232,0.05,14,1,115.2
560,10.125,10.1308,0.006899,0.05,11,1,115.2
561,10.165,10.1318,0.111482,0.05,12,1,115.2
562,10.135,10.1315,0.011762,0.05,10,1,115.3
563,10.15,10.1318,0.247414,0.05,11,1,115.3
564,10.165,10.1324,0.12463,0.05,12,1,115.3
565,10.165,10.1324,0.219989,0.05,12,1,115.3
566,10.135,10.1324,0.064948,0.05,15,1,115.3
567,10.12,10.1318,0.011258,0.05,19,1,115.4
568,10.135,10.1319,0.02597,0.05,10,1,115.4
569,10.15,10.132,0.004675,0.05,11,1,115.4
570,10.15,10.1323,0.023594,0.05,11,1,115.4
571,10.13,10.1325,0.004982,0.05,13,1,115.5
572,9.96,10.129,0.046045,0.05,30,1,115.5
573,10.135,10.129,0.075256,0.05,10,1,115.6
574,10.12,10.1295,0.101625,0.05,14,1,115.6
575,10.14,10.129,0.011259,0.05,12,1,115.6
576,10.11,10.1282,0.187292,0.05,15,1,115.6
577,10.15,10.1285,0.060947,0.05,11,1,115.7
578,10.115,10.1281,0.093448,0.05,17,1,115.7
579,10.145,10.1289,0.005846,0.05,14,1,115.7
580,10.15,10.1292,0.009971,0.05,11,1,115.7
581,10.18,10.1295,0.310589,0.05,13,1,115.8
582,10.095,10.1284,0.155362,0.05,14,1,115.8
583,10.135,10.1282,0.008526,0.05,10,1,115.8
584,10.135,10.1288,0.109661,0.05,15,1,115.8
585,10.15,10.1287,0.11875,0.05,11,1,115.9
586,10.115,10.1283,0.144789,0.05,17,1,115.9
587,10.075,10.1281,0.071996,0.05,21,1,115.9
588,9.985,10.1249,0.160545,0.05,30,1,116.0
589,10.075,10.1239,0.009849,0.05,16,1,116.0
590,10.125,10.1239,0.009234,0.05,11,1,116.0
591,10.13,10.1242,0.153244,0.05,13,1,116.1
592,10.135,10.1246,0.00697,0.05,10,1,116.1
593,10.165,10.1252,0.118876,0.05,12,1,116.1
594,10.165,10.1255,0.100571,0.05,12,1,116.1
595,10.125,10.1249,0.185287,0.05,11,1,116.1
596,10.15,10.1252,0.118964,0.05,11,1,116.2
597,10.15,10.1265,0.214589,0.05,11,1,116.2
598,10.14,10.1268,0.012202,0.05,12,1,116.2
599,10.115,10.1264,0.005119,0.05,12,1,116.2
600,10.085,10.1265,0.018955,0.05,15,1,116.3
601,10.135,10.1272,0.13184,0.05,10,1,116.3
602,10.135,10.1272,0.005473,0.05,10,1,116.3
603,10.15,10.1275,0.20841,0.05,11,1,116.3
604,10.135,10.1279,0.006832,0.05,10,1,116.3
605,10.18,10.1288,0.111387,0.05,13,1,116.4
606,10.135,10.1288,0.004641,0.05,10,1,116.4
607,10.15,10.1291,0.00705,0.05,11,1,116.4
608,10.11,10.1286,0.010399,0.05,20,1,116.5
609,10.165,10.1295,0.109237,0.05,12,1,116.5
610,10.135,10.1297,0.250698,0.05,10,1,116.5
611,10.135,10.1291,0.013936,0.05,10,1,116.5
612,10.165,10.1297,0.004175,0.05,12,1,116.5
613,10.135,10.1294,0.142402,0.05,10,1,116.6
614,10.12,10.1285,0.102577,0.05,14,1,116.6
615,10.13,10.1278,0.005971,0.05,13,1,116.6
616,10.135,10.1278,0.007949,0.05,10,1,116.6
617,10.135,10.1281,0.130593,0.05,10,1,116.7
618,10.105,10.1275,0.005901,0.05,13,1,116.7
619,10.125,10.127,0.235454,0.05,11,1,116.7
620,10.14,10.1268,0.173652,0.05,12,1,116.7
621,10.15,10.1272,0.070442,0.05,11,1,116.7
622,10.12,10.1304,0.007355,0.05,14,1,116.8
623,10.135,10.1304,0.008235,0.05,10,1,116.8
624,10.115,10.1303,0.096784,0.05,12,1,116.8
625,10.105,10.1296,0.003914,0.05,13,1,116.8
626,10.135,10.1301,0.00391,0.05,10,1,116.9
627,10.125,10.1296,0.035348,0.05,11,1,116.9
628,10.135,10.13,0.069805,0.05,10,1,116.9
629,10.135,10.1298,0.142831,0.05,10,1,116.9
630,10.125,10.1293,0.007207,0.05,11,1,116.9
631,10.125,10.1282,0.008479,0.05,11,1,117.0
632,10.135,10.129,0.089922,0.05,15,1,117.0
633,10.15,10.1293,0.005533,0.05,11,1,117.0
634,10.135,10.1293,0.003113,0.05,10,1,117.0
635,10.135,10.129,0.003693,0.05,10,1,117.1
636,10.135,10.1294,0.020281,0.05,10,1,117.1
637,10.15,10.1309,0.006009,0.05,11,1,117.1
638,10.15,10.1342,0.004164,0.05,11,1,117.1
639,10.135,10.1354,0.002765,0.05,10,1,117.1
640,10.135,10.1356,0.018485,0.05,10,1,117.2
641,10.135,10.1357,0.003418,0.05,10,1,117.2
642,10.135,10.1357,0.003135,0.05,10,1,117.2
643,10.165,10.1357,0.112375,0.05,12,1,117.2
644,10.135,10.1351,0.005973,0.05,10,1,117.2
645,10.135,10.1353,0.004124,0.05,10,1,117.3
646,10.135,10.135,0.191026,0.05,10,1,117.3
647,10.15,10.135,0.00681,0.05,11,1,117.3
648,10.12,10.1346,0.091914,0.05,14,1,117.3
649,10.135,10.135,0.09529,0.05,15,1,117.4
650,10.125,10.1358,0.008985,0.05,11,1,117.4
651,10.145,10.136,0.00515,0.05,14,1,117.4
652,10.135,10.136,0.155291,0.05,10,1,117.4
653,10.15,10.136,0.005075,0.05,11,1,117.4
654,9.995,10.1332,0.041685,0.05,34,1,117.5
655,10.135,10.1323,0.00503,0.05,10,1,117.5
656,10.165,10.1329,0.004366,0.05,12,1,117.6
657,10.14,10.1327,0.163549,0.05,12,1,117.6
658,10.145,10.1334,0.032068,0.05,14,1,117.6
659,10.165,10.1334,0.232838,0.05,12,1,117.6
660,10.165,10.134,0.025003,0.05,12,1,117.7
661,10.135,10.134,0.007987,0.05,10,1,117.7
662,10.115,10.133,0.087401,0.05,17,1,117.7
663,10.105,10.1324,0.094827,0.05,13,1,117.7
664,10.105,10.1321,0.004873,0.05,13,1,117.8
665,10.15,10.1325,0.004009,0.05,11,1,117.8
666,10.125,10.1323,0.11804,0.05,11,1,117.8
667,10.055,10.1307,0.069577,0.05,18,1,117.8
668,10.135,10.1313,0.117518,0.05,10,1,117.9
669,10.135,10.1315,0.008801,0.05,10,1,117.9
670,10.165,10.132,0.121102,0.05,12,1,117.9
671,10.105,10.1311,0.072699,0.05,18,1,117.9
672,10.095,10.1306,0.065998,0.05,19,1,118.0
673,10.125,10.1304,0.009607,0.05,11,1,118.0
674,10.135,10.1308,0.131663,0.05,10,1,118.0
675,10.15,10.1317,0.009808,0.05,11,1,118.0
676,10.155,10.1321,0.09827,0.05,13,1,118.1
677,10.135,10.1323,0.063918,0.05,10,1,118.1
678,10.14,10.1324,0.094271,0.05,12,1,118.1
679,10.125,10.1322,0.007035,0.05,11,1,118.1
680,10.135,10.1324,0.009938,0.05,10,1,118.2
681,10.155,10.133,0.014209,0.05,13,1,118.2
682,10.165,10.1336,0.028146,0.05,12,1,118.2
683,10.135,10.1333,0.160831,0.05,10,1,118.2
684,10.165,10.1339,0.006863,0.05,12,1,118.2
685,10.135,10.1339,0.136516,0.05,10,1,118.3
686,10.135,10.1339,0.142407,0.05,10,1,118.3
687,10.115,10.1332,0.007353,0.05,22,1,118.3
688,10.115,10.1325,0.06884,0.05,12,1,118.3
689,10.125,10.1323,0.005153,0.05,11,1,118.4
690,10.135,10.1323,0.003839,0.05,10,1,118.4
691,10.15,10.1326,0.111168,0.05,11,1,118.4
692,10.135,10.1326,0.005494,0.05,10,1,118.4
693,10.135,10.132,0.021394,0.05,10,1,118.4
694,10.135,10.132,0.147047,0.05,10,1,118.5
695,10.135,10.132,0.006585,0.05,10,1,118.5
696,10.115,10.1316,0.008007,0.05,12,1,118.5
697,9.95,10.1276,0.083594,0.05,36,1,118.6
698,9.01,10.1054,0.032164,0.05,140,1,118.9
699,10.135,10.1054,0.14084,0.05,10,1,118.9
700,10.095,10.1048,0.005287,0.05,14,1,118.9
701,10.135,10.1046,0.019651,0.05,10,1,118.9
702,10.15,10.1049,0.309799,0.05,11,1,118.9
703,10.13,10.1045,0.109414,0.05,13,1,119.0
704,9.86,10.1018,0.082794,0.05,40,1,119.1
705,10.14,10.1019,0.004519,0.05,12,1,119.1
706,10.15,10.1016,0.118577,0.05,11,1,119.1
707,8.845,10.0757,0.041693,0.05,144,1,119.4
708,10.135,10.0755,0.003601,0.05,10,1,119.4
709,10.135,10.0749,0.017241,0.05,10,1,119.4
710,10.135,10.0743,0.130239,0.05,10,1,119.4
711,10.14,10.0744,0.003061,0.05,12,1,119.5
712,10.135,10.0748,0.004252,0.05,10,1,119.5
713,10.135,10.0754,0.160308,0.05,10,1,119.5
714,10.15,10.0763,0.00527,0.05,11,1,119.5
715,10.135,10.076,0.002773,0.05,10,1,119.5
716,10.135,10.0762,0.003294,0.05,10,1,119.6
717,10.135,10.0778,0.003468,0.05,10,1,119.6
718,10.135,10.0778,0.002795,0.05,10,1,119.6
719,10.125,10.0776,0.005114,0.05,11,1,119.6
720,10.14,10.0771,0.002605,0.05,12,1,119.6
721,10.135,10.0777,0.48995,0.05,10,1,119.7
722,10.125,10.0783,0.130776,0.05,11,1,119.7
723,10.105,10.0779,0.009868,0.05,13,1,119.7
724,10.18,10.0788,0.006932,0.05,13,1,119.7
725,10.14,10.0786,0.004709,0.05,12,1,119.8
726,10.13,10.0781,0.003112,0.05,13,1,119.8
727,10.15,10.0784,0.002484,0.05,11,1,119.8
728,10.135,10.0783,0.002036,0.05,10,1,119.8
729,10.135,10.0785,0.002546,0.05,10,1,119.8
730,10.135,10.0785,0.074376,0.05,10,1,119.9
731,10.175,10.0789,0.085117,0.05,16,1,119.9
732,10.125,10.0781,0.129346,0.05,11,1,119.9
733,10.135,10.0781,0.026477,0.05,10,1,119.9
734,10.135,10.0775,0.117299,0.05,10,1,119.9
735,10.135,10.0775,0.009565,0.05,10,1,120.0
736,10.14,10.0776,0.043704,0.05,17,1,120.0
737,10.18,10.0789,0.020221,0.05,13,1,120.0
738,10.125,10.0791,0.00648,0.05,11,1,120.0
739,10.15,10.0796,0.002942,0.05,16,1,120.1
740,10.115,10.0792,0.002985,0.05,12,1,120.1
741,-2.55,9.8252,0.041888,0.05,300,0,120.7
742,10.15,9.8255,0.00511,0.05,11,1,120.7
743,8.91,9.801,0.050361,0.05,155,1,121.1
744,7.58,9.7499,0.050286,0.05,288,1,121.7
745,10.13,9.7498,0.006113,0.05,13,1,121.7
746,10.135,9.7502,0.004472,0.05,10,1,121.7
747,10.15,9.7542,0.065777,0.05,11,1,121.8
748,10.1,9.776,0.135664,0.05,21,1,121.8
749,10.105,9.7754,0.111869,0.05,13,1,121.8
750,10.095,9.7754,0.056109,0.05,19,1,121.9
751,10.15,9.7757,0.119078,0.05,11,1,121.9
752,10.105,9.7748,0.009221,0.05,18,1,121.9
753,10.125,9.7747,0.240353,0.05,11,1,122.0
754,10.125,9.78,0.012999,0.05,16,1,122.0
755,10.115,9.7795,0.102755,0.05,17,1,122.0
756,10.15,9.7795,0.00546,0.05,11,1,122.0
757,10.15,9.8056,0.005697,0.05,11,1,122.1
758,10.135,9.8056,0.003728,0.05,10,1,122.1
759,10.15,9.8059,0.0045,0.05,11,1,122.1
760,10.165,9.8065,0.019373,0.05,12,1,122.1
761,10.135,9.8064,0.002484,0.05,10,1,122.1
762,10.115,9.806,0.11276,0.05,12,1,122.2
763,10.125,9.8058,0.004541,0.05,16,1,122.2
764,10.15,9.8058,0.003428,0.05,11,1,122.2
765,10.13,9.8057,0.002324,0.05,13,1,122.2
766,10.15,9.806,0.002148,0.05,11,1,122.3
767,10.135,9.806,0.002636,0.05,15,1,122.3
768,10.135,9.806,0.00251,0.05,10,1,122.3
769,10.02,9.8039,0.002233,0.05,29,1,122.4
770,10.135,9.8038,0.001548,0.05,10,1,122.4
771,10.135,9.8038,0.002376,0.05,10,1,122.4
772,10.15,9.8043,0.002069,0.05,11,1,122.4
773,10.15,9.8052,0.001506,0.05,11,1,122.5
774,10.095,9.8035,0.00152,0.05,14,1,122.5
775,10.11,9.8029,0.101435,0.05,15,1,122.5
776,10.135,9.803,0.004288,0.05,10,1,122.5
777,10.135,9.8027,0.002398,0.05,10,1,122.6
778,10.115,9.8023,0.015793,0.05,12,1,122.6
779,10.165,9.8029,0.002653,0.05,12,1,122.6
780,10.135,9.8029,0.002238,0.05,10,1,122.6
781,10.15,9.8024,0.001428,0.05,11,1,122.6
782,10.12,9.8023,0.208548,0.05,14,1,122.7
783,10.075,9.8011,0.105059,0.05,16,1,122.7
784,10.17,9.8018,0.015315,0.05,14,1,122.7
785,10.165,9.8024,0.005789,0.05,12,1,122.8
786,9.1,9.7816,0.050376,0.05,121,1,123.0
787,10.135,9.7807,0.004349,0.05,10,1,123.0
788,10.15,9.7812,0.010638,0.05,11,1,123.1
789,10.135,9.7809,0.152154,0.05,10,1,123.1
790,10.14,9.7814,0.120043,0.05,12,1,123.1
791,10.13,10.035,0.12894,0.05,13,1,123.1
792,10.08,10.0336,0.005567,0.05,23,1,123.2
793,10.165,10.0587,0.003082,0.05,12,1,123.2
794,10.11,10.1093,0.003118,0.05,15,1,123.2
795,10.135,10.1094,0.011616,0.05,10,1,123.2
796,10.135,10.1094,0.002554,0.05,10,1,123.3
797,10.15,10.1094,0.13816,0.05,11,1,123.3
798,10.17,10.1108,0.105224,0.05,14,1,123.3
799,10.16,10.1119,0.003139,0.05,30,1,123.4
800,10.165,10.1133,0.125194,0.05,12,1,123.4
801,10.135,10.113,0.012234,0.05,10,1,123.4
802,10.115,10.1132,0.230281,0.05,12,1,123.4
803,10.075,10.1122,0.010317,0.05,21,1,123.5
804,10.165,10.113,0.004173,0.05,12,1,123.5
805,10.165,10.114,0.002941,0.05,12,1,123.5
806,10.15,10.114,0.002412,0.05,11,1,123.5
807,9.985,10.1107,0.039161,0.05,40,1,123.6
808,10.135,10.1107,0.008134,0.05,10,1,123.6
809,10.155,10.1108,0.002379,0.05,13,1,123.7
810,10.115,10.1098,0.110895,0.05,12,1,123.7
811,10.135,10.1098,0.005884,0.05,10,1,123.7
812,10.165,10.1108,0.001883,0.05,12,1,123.7
813,7.735,10.063,0.043523,0.05,255,1,124.2
814,10.135,10.0627,0.153749,0.05,10,1,124.2
815,10.135,10.0628,0.007803,0.05,10,1,124.2
816,10.135,10.0625,0.142987,0.05,10,1,124.3
817,10.135,10.0625,0.134377,0.05,10,1,124.3
818,10.135,10.0625,0.271321,0.05,10,1,124.3
819,10.06,10.0633,0.130496,0.05,20,1,124.3
820,10.025,10.0611,0.046986,0.05,26,1,124.4
821,-2.8,9.8024,0.029062,0.05,300,0,125.0
822,9.99,9.7992,0.002171,0.05,27,1,125.0
823,10.135,9.7989,0.145693,0.05,10,1,125.0
824,10.115,9.7993,0.004001,0.05,12,1,125.1
825,8.415,9.7654,0.040439,0.05,192,1,125.4
826,10.135,9.7654,0.008619,0.05,15,1,125.5
827,10.115,9.765,0.002545,0.05,12,1,125.5
828,10.13,9.7653,0.002387,0.05,13,1,125.5
829,9.63,9.7546,0.047758,0.05,68,1,125.6
830,8.24,9.7167,0.031511,0.05,202,1,126.1
831,9.99,9.7135,0.049015,0.05,27,1,126.2
832,10.06,9.7123,0.076154,0.05,20,1,126.2
833,9.55,9.7018,0.071477,0.05,76,1,126.4
834,10.115,9.7007,0.095028,0.05,17,1,126.4
835,10.11,9.6996,0.069645,0.05,20,1,126.5
836,10.14,9.7204,0.010114,0.05,12,1,126.5
837,10.025,9.7182,0.00409,0.05,31,1,126.6
838,10.14,9.718,0.003615,0.05,12,1,126.6
839,10.14,9.7181,0.121333,0.05,12,1,126.6
840,10.035,9.716,0.14519,0.05,20,1,126.7
841,10.165,9.7167,0.01091,0.05,12,1,126.7
842,9.905,9.7132,0.003815,0.05,38,1,126.8
843,10.09,9.7117,0.003322,0.05,17,1,126.8
844,10.09,9.7113,0.063868,0.05,17,1,126.9
845,9.735,9.7033,0.043048,0.05,60,1,127.0
846,9.89,9.6984,0.002856,0.05,42,1,127.1
847,10.155,9.6985,0.001707,0.05,13,1,127.1
848,9.815,9.6914,0.034811,0.05,47,1,127.2
849,10.155,9.6913,0.106634,0.05,13,1,127.2
850,10.16,9.6912,0.011239,0.05,15,1,127.3
851,10.085,9.6902,0.060941,0.05,25,1,127.3
852,9.905,9.686,0.005016,0.05,38,1,127.4
853,9.985,9.6842,0.005866,0.05,30,1,127.4
854,10.02,9.6813,0.05261,0.05,24,1,127.5
855,8.575,9.6495,0.058618,0.05,181,1,127.9
856,10.155,9.6496,0.200857,0.05,13,1,127.9
857,10.12,9.6523,0.010522,0.05,19,1,127.9
858,10.015,9.6499,0.004573,0.05,27,1,128.0
859,10.145,9.6497,0.085692,0.05,14,1,128.0
860,10.04,9.6482,0.053598,0.05,27,1,128.1
861,10.125,9.648,0.004076,0.05,11,1,128.1
862,10.12,9.6471,0.003741,0.05,14,1,128.1
863,10.155,9.6955,0.003273,0.05,13,1,128.2
864,10.115,9.6951,0.004492,0.05,17,1,128.2
865,10.04,9.6932,0.002667,0.05,27,1,128.2
866,10.165,9.6938,0.002011,0.05,12,1,128.3
867,9.86,9.6883,0.038944,0.05,40,1,128.3
868,10.135,9.6883,0.003848,0.05,10,1,128.4
869,9.95,9.6861,0.0793,0.05,36,1,128.4
870,10.11,9.6878,0.098389,0.05,15,1,128.5
871,10.135,9.9465,0.004772,0.05,10,1,128.5
872,10.145,9.9496,0.094821,0.05,14,1,128.5
873,10.145,9.9498,0.006264,0.05,14,1,128.5
874,10.08,9.9491,0.00253,0.05,18,1,128.6
875,10.145,9.9837,0.01199,0.05,14,1,128.6
876,10.135,9.9837,0.004358,0.05,15,1,128.6
877,10.13,9.984,0.093919,0.05,13,1,128.7
878,10.115,9.9837,0.004273,0.05,12,1,128.7
879,10.125,9.9936,0.159814,0.05,16,1,128.7
880,10.135,10.0315,0.005211,0.05,10,1,128.7
881,10.105,10.0338,0.00515,0.05,18,1,128.8
882,10.145,10.0355,0.00267,0.05,14,1,128.8
883,10.125,10.047,0.002564,0.05,11,1,128.8
884,10.135,10.0474,0.003122,0.05,10,1,128.8
885,10.155,10.0483,0.002602,0.05,13,1,128.9
886,10.145,10.0484,0.005154,0.05,14,1,128.9
887,10.135,10.0506,0.001789,0.05,10,1,128.9
888,10.135,10.0505,0.118216,0.05,10,1,128.9
889,10.115,10.05,0.004842,0.05,12,1,128.9
890,9.53,10.0399,0.029154,0.05,88,1,129.1
891,10.125,10.0391,0.004109,0.05,11,1,129.1
892,10.135,10.0437,0.004081,0.05,10,1,129.1
893,10.115,10.0442,0.009623,0.05,12,1,129.2
894,10.135,10.0451,0.099401,0.05,10,1,129.2
895,10.135,10.0531,0.00467,0.05,10,1,129.2
896,10.115,10.0576,0.004001,0.05,12,1,129.2
897,10.115,10.0568,0.002874,0.05,12,1,129.3
898,10.135,10.0632,0.002151,0.05,10,1,129.3
899,10.135,10.0628,0.002806,0.05,10,1,129.3
900,10.135,10.0623,0.001985,0.05,10,1,129.3
901,10.135,10.0633,0.117493,0.05,10,1,129.3
902,10.135,10.0679,0.003514,0.05,10,1,129.3
903,10.125,10.0707,0.003027,0.05,11,1,129.4
904,10.165,10.0736,0.002864,0.05,12,1,129.4
905,10.135,10.1048,0.149872,0.05,10,1,129.4
906,10.14,10.1045,0.004406,0.05,12,1,129.4
907,10.135,10.1048,0.145565,0.05,10,1,129.5
908,10.15,10.1075,0.224492,0.05,11,1,129.5
909,10.0,10.1046,0.009502,0.05,26,1,129.5
910,10.055,10.1049,0.005797,0.05,23,1,129.6
911,10.125,10.1049,0.003892,0.05,11,1,129.6
912,10.135,10.1052,0.006083,0.05,10,1,129.6
913,10.055,10.1032,0.003194,0.05,23,1,129.7
914,10.06,10.1021,0.00507,0.05,20,1,129.7
915,10.135,10.104,0.003001,0.05,10,1,129.7
916,10.15,10.1037,0.105105,0.05,11,1,129.7
917,10.135,10.1092,0.004186,0.05,10,1,129.7
918,10.135,10.1092,0.005042,0.05,10,1,129.8
919,10.135,10.1129,0.152188,0.05,10,1,129.8
920,10.125,10.1132,0.004227,0.05,11,1,129.8
921,10.155,10.1136,0.090578,0.05,13,1,129.8
922,10.115,10.113,0.09083,0.05,12,1,129.9
923,10.135,10.1128,0.00441,0.05,10,1,129.9
924,10.145,10.1141,0.176612,0.05,14,1,129.9
925,10.15,10.1142,0.007226,0.05,11,1,129.9
926,10.125,10.114,0.209358,0.05,11,1,130.0
927,10.125,10.1139,0.12727,0.05,11,1,130.0
928,10.1,10.1136,0.009733,0.05,26,1,130.0
929,10.1,10.1131,0.002889,0.05,16,1,130.1
930,10.135,10.1131,0.003992,0.05,15,1,130.1
931,10.15,10.114,0.004945,0.05,11,1,130.1
932,10.06,10.1123,0.003256,0.05,20,1,130.1
933,10.115,10.1121,0.003159,0.05,12,1,130.2
934,10.125,10.1119,0.002972,0.05,11,1,130.2
935,10.15,10.1118,0.00238,0.05,11,1,130.2
936,10.135,10.1116,0.002426,0.05,10,1,130.2
937,10.135,10.1116,0.002179,0.05,10,1,130.2
938,10.135,10.1116,0.149678,0.05,10,1,130.3
939,10.125,10.1118,0.003232,0.05,11,1,130.3
940,10.15,10.1242,0.003414,0.05,11,1,130.3
941,10.15,10.1247,0.091294,0.05,11,1,130.3
942,10.135,10.1247,0.004943,0.05,10,1,130.3
943,10.15,10.1254,0.004563,0.05,11,1,130.4
944,9.955,10.1218,0.006174,0.05,28,1,130.4
945,10.15,10.1221,0.003127,0.05,11,1,130.4
946,10.155,10.1229,0.002746,0.05,13,1,130.5
947,10.105,10.1227,0.002361,0.05,13,1,130.5
948,10.135,10.1227,0.003304,0.05,10,1,130.5
949,10.135,10.1227,0.001489,0.05,10,1,130.5
950,10.13,10.1226,0.002956,0.05,13,1,130.6
951,10.075,10.1214,0.001777,0.05,16,1,130.6
952,10.125,10.1212,0.001498,0.05,11,1,130.6
953,10.115,10.121,0.003547,0.05,12,1,130.6
954,10.135,10.1204,0.001973,0.05,10,1,130.6
955,10.085,10.1194,0.002337,0.05,15,1,130.7
956,10.135,10.1193,0.001858,0.05,10,1,130.7
957,10.135,10.1193,0.149206,0.05,10,1,130.7
958,10.105,10.1184,0.005012,0.05,13,1,130.7
959,10.125,10.1209,0.004614,0.05,11,1,130.8
960,10.135,10.1225,0.106289,0.05,10,1,130.8
961,10.16,10.1232,0.004172,0.05,15,1,130.8
962,10.135,10.1232,0.002457,0.05,10,1,130.8
963,10.125,10.1246,0.00186,0.05,11,1,130.8
964,10.135,10.1261,0.001436,0.05,10,1,130.9
965,10.135,10.1261,0.001288,0.05,10,1,130.9
966,10.135,10.1258,0.001634,0.05,10,1,130.9
967,10.135,10.1258,0.001555,0.05,10,1,130.9
968,10.135,10.1258,0.001383,0.05,10,1,130.9
969,10.125,10.1256,0.001667,0.05,11,1,131.0
970,10.135,10.1258,0.001209,0.05,10,1,131.0
971,10.115,10.125,0.001173,0.05,12,1,131.0
972,10.135,10.1254,0.002344,0.05,10,1,131.0
973,10.125,10.1252,0.001294,0.05,11,1,131.1
974,10.15,10.1253,0.001703,0.05,11,1,131.1
975,10.135,10.125,0.0014,0.05,10,1,131.1
976,10.135,10.1252,0.001156,0.05,10,1,131.1
977,10.135,10.1254,0.001611,0.05,10,1,131.1
978,10.135,10.1261,0.001311,0.05,10,1,131.2
979,10.135,10.1268,0.001216,0.05,10,1,131.2
980,10.135,10.1268,0.001405,0.05,10,1,131.2
981,10.15,10.1268,0.001704,0.05,11,1,131.2
982,10.15,10.1286,0.001407,0.05,11,1,131.2
983,10.135,10.129,0.001896,0.05,10,1,131.3
984,10.135,10.1292,0.10164,0.05,10,1,131.3
985,10.135,10.1289,0.00512,0.05,10,1,131.3
986,10.125,10.1287,0.006446,0.05,11,1,131.3
987,10.115,10.1283,0.002211,0.05,12,1,131.3
988,10.15,10.1286,0.002508,0.05,11,1,131.4
989,10.135,10.1288,0.002464,0.05,10,1,131.4
990,10.15,10.1288,0.001799,0.05,11,1,131.4
991,10.135,10.1285,0.001719,0.05,10,1,131.4
992,10.135,10.1285,0.002476,0.05,10,1,131.4
993,10.135,10.1282,0.001588,0.05,10,1,131.5
994,10.15,10.1321,0.001029,0.05,11,1,131.5
995,10.135,10.1318,0.001688,0.05,10,1,131.5
996,10.145,10.1316,0.106997,0.05,14,1,131.5
997,10.135,10.1322,0.004796,0.05,10,1,131.5
998,10.105,10.1316,0.005409,0.05,13,1,131.6
999,10.125,10.1314,0.002414,0.05,11,1,131.6
1000,10.15,10.1318,0.002208,0.05,11,1,131.6
1001,10.125,10.1328,0.002984,0.05,11,1,131.6
1002,10.16,10.1335,0.002042,0.05,15,1,131.7
1003,10.14,10.134,0.002429,0.05,12,1,131.7
1004,10.135,10.134,0.00148,0.05,10,1,131.7
1005,10.135,10.135,0.001849,0.05,10,1,131.7
1006,10.135,10.135,0.001407,0.05,10,1,131.8
1007,10.135,10.135,0.003526,0.05,10,1,131.8
1008,10.135,10.1356,0.001596,0.05,10,1,131.8
1009,10.15,10.1361,0.001365,0.05,11,1,131.8
1010,10.135,10.1361,0.001635,0.05,10,1,131.8
1011,10.135,10.1356,0.001134,0.05,10,1,131.9
1012,10.125,10.1354,0.001368,0.05,11,1,131.9
1013,9.025,10.1134,0.01993,0.05,146,1,132.2
1014,10.135,10.1134,0.003428,0.05,10,1,132.2
1015,10.135,10.1134,0.002391,0.05,10,1,132.2
1016,10.135,10.1134,0.002058,0.05,10,1,132.2
1017,10.135,10.1134,0.147298,0.05,10,1,132.2
1018,10.115,10.113,0.005555,0.05,12,1,132.3
1019,10.125,10.113,0.002929,0.05,11,1,132.3
1020,10.135,10.113,0.003281,0.05,10,1,132.3
1021,10.135,10.1134,0.002894,0.05,10,1,132.3
1022,10.135,10.1134,0.002386,0.05,10,1,132.4
1023,10.135,10.1136,0.145068,0.05,10,1,132.4
1024,10.115,10.1129,0.006406,0.05,12,1,132.4
1025,10.15,10.1132,0.125437,0.05,11,1,132.4
1026,10.115,10.1128,0.003552,0.05,12,1,132.4
1027,10.135,10.1128,0.003517,0.05,10,1,132.5
1028,10.165,10.1134,0.002283,0.05,12,1,132.5
1029,10.135,10.1134,0.001609,0.05,10,1,132.5
1030,10.135,10.1134,0.003453,0.05,10,1,132.5
1031,10.15,10.1134,0.001429,0.05,11,1,132.5
1032,10.105,10.1125,0.112145,0.05,13,1,132.6
1033,10.15,10.1128,0.123385,0.05,11,1,132.6
1034,10.085,10.1118,0.013705,0.05,15,1,132.6
1035,10.135,10.1118,0.003849,0.05,15,1,132.7
1036,9.745,10.1042,0.0024,0.05,69,1,132.8
1037,10.075,10.1034,0.001461,0.05,16,1,132.8
1038,10.135,10.1031,0.001732,0.05,10,1,132.8
1039,10.135,10.1031,0.107846,0.05,10,1,132.9
1040,9.94,10.0989,0.028671,0.05,57,1,133.0
1041,10.135,10.0989,0.004759,0.05,10,1,133.0
1042,10.135,10.0989,0.129527,0.05,10,1,133.0
1043,10.135,10.0989,0.006162,0.05,10,1,133.0
1044,10.095,10.0978,0.008182,0.05,14,1,133.1
1045,10.165,10.0984,0.003661,0.05,12,1,133.1
1046,10.105,10.0976,0.001597,0.05,13,1,133.1
1047,10.135,10.0976,0.002169,0.05,10,1,133.1
1048,10.115,10.0978,0.001701,0.05,12,1,133.2
1049,10.125,10.0978,0.001678,0.05,11,1,133.2
1050,10.135,10.0975,0.001701,0.05,10,1,133.2
1051,10.135,10.0977,0.001334,0.05,10,1,133.2
1052,10.15,10.0975,0.001508,0.05,11,1,133.2
1053,10.135,10.0974,0.001536,0.05,10,1,133.3
1054,10.135,10.0974,0.001423,0.05,10,1,133.3
1055,10.135,10.0974,0.001358,0.05,10,1,133.3
1056,10.135,10.0974,0.002467,0.05,10,1,133.3
1057,10.15,10.0977,0.001648,0.05,11,1,133.3
1058,10.135,10.0977,0.002441,0.05,10,1,133.4
1059,10.135,10.0974,0.143751,0.05,10,1,133.4
1060,10.125,10.0972,0.101163,0.05,11,1,133.4
1061,10.11,10.0967,0.006319,0.05,15,1,133.4
1062,10.075,10.0957,0.065858,0.05,16,1,133.5
1063,10.135,10.1179,0.009316,0.05,10,1,133.5
1064,10.135,10.1179,0.145062,0.05,10,1,133.5
1065,10.15,10.1182,0.004676,0.05,11,1,133.5
1066,9.445,10.1044,0.018215,0.05,94,1,133.7
1067,10.135,10.1044,0.002579,0.05,10,1,133.7
1068,10.135,10.1048,0.002934,0.05,10,1,133.7
1069,10.135,10.105,0.003373,0.05,10,1,133.8
1070,10.115,10.1046,0.001867,0.05,12,1,133.8
1071,10.135,10.1046,0.141967,0.05,10,1,133.8
1072,10.14,10.1047,0.006205,0.05,12,1,133.8
1073,10.12,10.1044,0.004305,0.05,14,1,133.8
1074,10.135,10.1048,0.003011,0.05,10,1,133.9
1075,10.135,10.1045,0.002189,0.05,10,1,133.9
1076,10.115,10.1045,0.001645,0.05,12,1,133.9
1077,10.135,10.1045,0.001212,0.05,10,1,133.9
1078,10.135,10.1039,0.10564,0.05,10,1,134.0
1079,10.135,10.1039,0.003523,0.05,10,1,134.0
1080,10.135,10.1039,0.005363,0.05,10,1,134.0
1081,10.135,10.1036,0.002464,0.05,10,1,134.0
1082,10.135,10.1042,0.144126,0.05,10,1,134.0
1083,10.115,10.1035,0.004799,0.05,12,1,134.1
1084,10.125,10.1043,0.00291,0.05,11,1,134.1
1085,10.135,10.1043,0.005413,0.05,10,1,134.1
1086,10.165,10.1127,0.003032,0.05,12,1,134.1
1087,10.135,10.1139,0.001877,0.05,10,1,134.1
1088,10.135,10.1139,0.001935,0.05,10,1,134.2
1089,10.15,10.1142,0.002006,0.05,11,1,134.2
1090,10.13,10.118,0.001442,0.05,13,1,134.2
1091,10.135,10.118,0.00156,0.05,10,1,134.2
1092,10.135,10.118,0.00116,0.05,10,1,134.2
1093,10.125,10.1178,0.001115,0.05,11,1,134.3
1094,10.135,10.1186,0.001938,0.05,10,1,134.3
1095,10.135,10.118,0.00159,0.05,10,1,134.3
1096,10.135,10.1186,0.003105,0.05,10,1,134.3
1097,10.15,10.1189,0.002885,0.05,11,1,134.3
1098,10.135,10.1193,0.001395,0.05,10,1,134.4
1099,10.135,10.1195,0.001167,0.05,10,1,134.4
1100,10.125,10.1193,0.096921,0.05,11,1,134.4
1101,10.14,10.1194,0.003571,0.05,12,1,134.4
1102,10.135,10.1191,0.002617,0.05,10,1,134.4
1103,10.15,10.1194,0.003068,0.05,11,1,134.5
1104,10.15,10.1197,0.001311,0.05,11,1,134.5
1105,10.14,10.1198,0.00452,0.05,12,1,134.5
1106,10.085,10.1188,0.18735,0.05,15,1,134.5
1107,10.02,10.1162,0.006443,0.05,24,1,134.6
1108,10.095,10.1154,0.007456,0.05,14,1,134.6
1109,10.135,10.1154,0.002839,0.05,10,1,134.6
1110,10.115,10.1152,0.001632,0.05,12,1,134.7
1111,10.135,10.1157,0.002958,0.05,10,1,134.7
1112,10.15,10.1172,0.001669,0.05,11,1,134.7
1113,10.13,10.1171,0.001501,0.05,13,1,134.7
1114,10.105,10.1165,0.002,0.05,13,1,134.7
1115,10.115,10.1158,0.001442,0.05,12,1,134.8
1116,10.13,10.1295,0.002723,0.05,13,1,134.8
1117,10.135,10.1295,0.001491,0.05,10,1,134.8
1118,9.32,10.1132,0.001685,0.05,99,1,135.0
1119,10.135,10.1132,0.001371,0.05,10,1,135.0
1120,10.135,10.1136,0.001186,0.05,10,1,135.0
1121,10.125,10.1134,0.001139,0.05,11,1,135.1
1122,10.15,10.1136,0.001198,0.05,11,1,135.1
1123,10.135,10.1139,0.001169,0.05,10,1,135.1
1124,10.135,10.1139,0.002776,0.05,10,1,135.1
1125,10.115,10.1135,0.001739,0.05,12,1,135.1
1126,10.135,10.1139,0.001082,0.05,10,1,135.2
1127,10.055,10.1123,0.00287,0.05,18,1,135.2
1128,10.135,10.1123,0.116053,0.05,10,1,135.2
1129,10.15,10.1126,0.005272,0.05,11,1,135.2
1130,10.135,10.1126,0.003446,0.05,10,1,135.3
1131,10.135,10.1126,0.002126,0.05,10,1,135.3
1132,10.09,10.1117,0.097819,0.05,22,1,135.3
1133,10.125,10.1119,0.016415,0.05,11,1,135.3
1134,10.145,10.1123,0.006913,0.05,14,1,135.4
1135,10.18,10.1132,0.002519,0.05,13,1,135.4
1136,10.135,10.1126,0.001368,0.05,10,1,135.4
1137,10.165,10.1132,0.001897,0.05,12,1,135.4
1138,10.105,10.1126,0.001229,0.05,13,1,135.4
1139,10.135,10.1123,0.0012,0.05,10,1,135.5
1140,10.135,10.1124,0.001238,0.05,10,1,135.5
1141,10.125,10.1122,0.177113,0.05,11,1,135.5
1142,10.14,10.1123,0.006191,0.05,12,1,135.5
1143,10.135,10.1125,0.004375,0.05,10,1,135.6
1144,9.59,10.1016,0.001952,0.05,77,1,135.7
1145,10.125,10.1014,0.00136,0.05,11,1,135.7
1146,10.135,10.1014,0.001562,0.05,10,1,135.7
1147,10.115,10.1007,0.001284,0.05,12,1,135.8
1148,10.115,10.1003,0.125415,0.05,12,1,135.8
1149,10.105,10.0997,0.07785,0.05,13,1,135.8
1150,9.875,10.0947,0.004806,0.05,61,1,135.9
1151,10.135,10.0946,0.0064,0.05,10,1,135.9
1152,10.12,10.0943,0.00225,0.05,19,1,136.0
1153,10.135,10.094,0.151536,0.05,10,1,136.0
1154,10.075,10.0925,0.004001,0.05,16,1,136.0
1155,10.15,10.0927,0.092889,0.05,11,1,136.0
1156,10.125,10.0935,0.009801,0.05,11,1,136.1
1157,10.135,10.0958,0.177212,0.05,10,1,136.1
1158,10.135,10.0966,0.006728,0.05,10,1,136.1
1159,10.135,10.0966,0.004742,0.05,10,1,136.1
1160,10.075,10.0958,0.003421,0.05,21,1,136.2
1161,10.135,10.0958,0.089301,0.05,10,1,136.2
1162,10.105,10.0949,0.005644,0.05,13,1,136.2
1163,10.135,10.095,0.003824,0.05,10,1,136.2
1164,9.125,10.0754,0.00959,0.05,131,1,136.5
1165,10.135,10.0758,0.001466,0.05,10,1,136.5
1166,10.115,10.0755,0.001231,0.05,12,1,136.5
1167,10.135,10.0755,0.001162,0.05,10,1,136.6
1168,10.135,10.0918,0.003918,0.05,10,1,136.6
1169,10.125,10.0916,0.001363,0.05,11,1,136.6
1170,10.15,10.0919,0.137073,0.05,11,1,136.6
1171,10.135,10.0921,0.004451,0.05,10,1,136.6
1172,10.135,10.0918,0.002515,0.05,10,1,136.7
1173,10.135,10.0918,0.003531,0.05,10,1,136.7
1174,10.15,10.0921,0.005204,0.05,11,1,136.7
1175,9.81,10.086,0.002168,0.05,55,1,136.8
1176,10.095,10.0852,0.001284,0.05,14,1,136.8
1177,10.135,10.0868,0.001646,0.05,10,1,136.9
1178,10.135,10.0868,0.006823,0.05,10,1,136.9
1179,10.135,10.0865,0.001691,0.05,10,1,136.9
1180,10.03,10.0844,0.002756,0.05,23,1,136.9
1181,10.125,10.0842,0.001307,0.05,11,1,137.0
1182,10.135,10.0851,0.001352,0.05,10,1,137.0
1183,10.18,10.0862,0.003467,0.05,13,1,137.0
1184,10.095,10.0852,0.070032,0.05,14,1,137.0
1185,10.125,10.0841,0.002634,0.05,11,1,137.1
1186,10.15,10.0844,0.001903,0.05,11,1,137.1
1187,10.15,10.0841,0.001864,0.05,11,1,137.1
1188,10.135,10.0847,0.003524,0.05,10,1,137.1
1189,10.135,10.0847,0.001355,0.05,10,1,137.1
1190,10.135,10.0847,0.001335,0.05,10,1,137.2
1191,10.15,10.0852,0.001373,0.05,11,1,137.2
1192,10.135,10.0851,0.001721,0.05,10,1,137.2
1193,10.085,10.0841,0.07951,0.05,20,1,137.2
1194,10.125,10.0948,0.003378,0.05,11,1,137.3
1195,10.15,10.0953,0.0027,0.05,11,1,137.3
1196,10.135,10.0953,0.09228,0.05,10,1,137.3
1197,10.08,10.0946,0.004245,0.05,23,1,137.4
1198,10.115,10.0946,0.006381,0.05,12,1,137.4
1199,10.135,10.0952,0.001752,0.05,10,1,137.4
1200,10.135,10.1004,0.001882,0.05,10,1,137.4
1201,10.135,10.1004,0.002952,0.05,10,1,137.4
1202,10.135,10.1007,0.001269,0.05,10,1,137.5
1203,10.125,10.1005,0.002981,0.05,11,1,137.5
1204,10.15,10.102,0.002149,0.05,11,1,137.5
1205,10.135,10.1017,0.001368,0.05,10,1,137.5
1206,10.18,10.1028,0.001141,0.05,13,1,137.5
1207,10.125,10.1026,0.000999,0.05,11,1,137.6
1208,10.15,10.1029,0.001077,0.05,11,1,137.6
1209,10.15,10.1032,0.001144,0.05,11,1,137.6
1210,10.135,10.1044,0.004622,0.05,10,1,137.6
1211,10.15,10.1047,0.002013,0.05,11,1,137.7
1212,10.09,10.1044,0.000774,0.05,17,1,137.7
1213,10.135,10.1044,0.08765,0.05,10,1,137.7
1214,10.135,10.1246,0.002476,0.05,10,1,137.7
1215,10.065,10.1232,0.0037,0.05,17,1,137.8
1216,10.135,10.1236,0.004743,0.05,10,1,137.8
1217,10.115,10.1232,0.002549,0.05,12,1,137.8
1218,10.125,10.123,0.004322,0.05,11,1,137.8
1219,10.115,10.1228,0.074382,0.05,12,1,137.9
1220,10.15,10.1228,0.005303,0.05,11,1,137.9
1221,10.135,10.1228,0.007227,0.05,10,1,137.9
1222,10.15,10.1231,0.002535,0.05,11,1,137.9
1223,10.15,10.1234,0.001315,0.05,11,1,137.9
1224,10.135,10.1231,0.001508,0.05,10,1,138.0
1225,10.165,10.1302,0.002125,0.05,12,1,138.0
1226,10.125,10.1308,0.00145,0.05,11,1,138.0
1227,10.135,10.1308,0.00107,0.05,10,1,138.0
1228,10.135,10.1308,0.000946,0.05,10,1,138.0
1229,10.135,10.1308,0.001166,0.05,10,1,138.1
1230,10.135,10.1329,0.001525,0.05,10,1,138.1
1231,10.135,10.1331,0.001038,0.05,10,1,138.1
1232,10.135,10.1331,0.001129,0.05,10,1,138.1
1233,10.125,10.132,0.002251,0.05,11,1,138.1
1234,10.135,10.1328,0.004527,0.05,10,1,138.2
1235,10.125,10.1328,0.001315,0.05,11,1,138.2
1236,10.15,10.1328,0.001357,0.05,11,1,138.2
1237,10.14,10.1326,0.002079,0.05,12,1,138.2
1238,10.135,10.1326,0.001289,0.05,10,1,138.3
1239,10.135,10.1326,0.001333,0.05,10,1,138.3
1240,10.115,10.1322,0.075197,0.05,12,1,138.3
1241,10.15,10.1322,0.005585,0.05,11,1,138.3
1242,10.135,10.1322,0.001965,0.05,10,1,138.3
1243,10.135,10.1332,0.001942,0.05,10,1,138.4
1244,10.135,10.1334,0.00469,0.05,10,1,138.4
1245,10.135,10.1331,0.001484,0.05,10,1,138.4
1246,10.115,10.1327,0.001236,0.05,12,1,138.4
1247,10.165,10.1344,0.00141,0.05,12,1,138.5
1248,10.115,10.1344,0.002478,0.05,12,1,138.5
1249,10.135,10.1344,0.001658,0.05,10,1,138.5
1250,10.145,10.1346,0.063388,0.05,14,1,138.5
1251,10.135,10.1346,0.003738,0.05,10,1,138.6
1252,10.135,10.1346,0.004593,0.05,10,1,138.6
1253,10.135,10.1348,0.002072,0.05,10,1,138.6
1254,10.135,10.1345,0.005692,0.05,10,1,138.6
1255,10.135,10.1345,0.001483,0.05,10,1,138.6
1256,10.115,10.1332,0.001644,0.05,12,1,138.7
1257,10.135,10.1334,0.002814,0.05,10,1,138.7
1258,10.085,10.1321,0.074586,0.05,20,1,138.7
1259,10.155,10.1322,0.00645,0.05,13,1,138.7
1260,9.995,10.1294,0.005208,0.05,29,1,138.8
1261,10.135,10.1291,0.002132,0.05,10,1,138.8
1262,10.135,10.13,0.002505,0.05,10,1,138.8
1263,10.135,10.13,0.088853,0.05,10,1,138.9
1264,10.165,10.1306,0.004006,0.05,12,1,138.9
1265,10.135,10.132,0.005967,0.05,15,1,138.9
1266,10.125,10.1318,0.078614,0.05,11,1,138.9
1267,10.125,10.132,0.003727,0.05,11,1,139.0
1268,10.105,10.1316,0.003388,0.05,13,1,139.0
1269,10.135,10.132,0.005071,0.05,10,1,139.0
1270,10.15,10.132,0.00322,0.05,11,1,139.0
1271,10.15,10.1323,0.003378,0.05,11,1,139.0
1272,10.11,10.1315,0.002627,0.05,15,1,139.1
1273,10.115,10.1308,0.006745,0.05,12,1,139.1
1274,10.135,10.1308,0.083558,0.05,10,1,139.1
1275,9.825,10.124,0.00295,0.05,46,1,139.2
1276,10.155,10.1246,0.001879,0.05,13,1,139.2
1277,10.15,10.1249,0.071299,0.05,11,1,139.2
1278,10.115,10.1245,0.003924,0.05,12,1,139.3
1279,10.15,10.1248,0.009609,0.05,11,1,139.3
1280,10.035,10.1228,0.062521,0.05,25,1,139.3
1281,10.085,10.1218,0.0569,0.05,15,1,139.4
1282,10.135,10.1218,0.003769,0.05,10,1,139.4
1283,10.15,10.1223,0.003683,0.05,11,1,139.4
1284,10.155,10.1227,0.005065,0.05,13,1,139.4
1285,10.135,10.1229,0.001783,0.05,10,1,139.4
1286,10.135,10.1226,0.001555,0.05,10,1,139.5
1287,10.15,10.1228,0.001718,0.05,11,1,139.5
1288,10.15,10.1231,0.001828,0.05,11,1,139.5
1289,10.125,10.1229,0.136797,0.05,11,1,139.5
1290,10.05,10.1216,0.006796,0.05,21,1,139.6
1291,10.09,10.1204,0.003225,0.05,22,1,139.6
1292,10.155,10.1208,0.002012,0.05,13,1,139.6
1293,10.155,10.1212,0.002373,0.05,13,1,139.7
1294,10.135,10.1212,0.001427,0.05,10,1,139.7
1295,10.135,10.1212,0.001156,0.05,10,1,139.7
1296,10.135,10.1216,0.00155,0.05,10,1,139.7
1297,10.135,10.121,0.001317,0.05,10,1,139.7
1298,10.135,10.1214,0.001103,0.05,10,1,139.8
1299,10.105,10.1208,0.00564,0.05,13,1,139.8
1300,10.135,10.1206,0.001502,0.05,10,1,139.8
1301,10.125,10.1204,0.206432,0.05,11,1,139.8
1302,10.125,10.1202,0.12191,0.05,11,1,139.8
1303,10.125,10.12,0.014162,0.05,11,1,139.9
1304,10.085,10.119,0.00957,0.05,15,1,139.9
1305,10.165,10.1196,0.071592,0.05,12,1,139.9
1306,10.045,10.1182,0.005464,0.05,19,1,139.9
1307,10.135,10.1182,0.003127,0.05,10,1,140.0
1308,10.135,10.1192,0.006738,0.05,15,1,140.0
1309,10.15,10.1191,0.090551,0.05,16,1,140.0
1310,10.135,10.1219,0.074665,0.05,10,1,140.0
1311,10.14,10.122,0.006397,0.05,12,1,140.1
1312,10.135,10.122,0.008957,0.05,10,1,140.1
1313,10.135,10.122,0.003212,0.05,10,1,140.1
1314,10.135,10.1214,0.002594,0.05,10,1,140.1
1315,10.15,10.1217,0.002285,0.05,11,1,140.1
1316,10.14,10.122,0.008206,0.05,12,1,140.2
1317,10.115,10.1218,0.004259,0.05,12,1,140.2
1318,10.135,10.1224,0.004029,0.05,10,1,140.2
1319,10.135,10.1224,0.001752,0.05,10,1,140.2
1320,10.125,10.1219,0.001325,0.05,11,1,140.2
1321,10.15,10.1219,0.00162,0.05,11,1,140.3
1322,10.15,10.1227,0.00142,0.05,11,1,140.3
1323,10.125,10.1229,0.001873,0.05,11,1,140.3
1324,10.135,10.1229,0.00292,0.05,10,1,140.3
1325,10.135,10.1291,0.000947,0.05,10,1,140.4
1326,10.145,10.1289,0.003537,0.05,14,1,140.4
1327,10.135,10.1286,0.001392,0.05,10,1,140.4
1328,10.15,10.1293,0.006392,0.05,11,1,140.4
1329,10.125,10.1288,0.133421,0.05,11,1,140.4
1330,10.135,10.1308,0.003558,0.05,10,1,140.5
1331,10.135,10.1318,0.003352,0.05,10,1,140.5
1332,10.135,10.1318,0.002111,0.05,10,1,140.5
1333,10.135,10.1315,0.002904,0.05,10,1,140.5
1334,10.135,10.1311,0.007218,0.05,10,1,140.5
1335,10.14,10.1312,0.067856,0.05,12,1,140.6
1336,10.155,10.1316,0.005053,0.05,13,1,140.6
1337,10.125,10.1311,0.001865,0.05,11,1,140.6
1338,10.155,10.1312,0.007355,0.05,13,1,140.6
1339,10.135,10.1314,0.076801,0.05,10,1,140.7
1340,10.145,10.1333,0.004589,0.05,14,1,140.7
1341,10.115,10.1338,0.001313,0.05,12,1,140.7
1342,10.135,10.1334,0.002399,0.05,10,1,140.7
1343,10.125,10.1328,0.001315,0.05,11,1,140.7
1344,10.135,10.1328,0.007914,0.05,10,1,140.8
1345,10.135,10.1328,0.001367,0.05,10,1,140.8
1346,10.115,10.1324,0.002492,0.05,12,1,140.8
1347,9.38,10.1173,0.010228,0.05,98,1,141.0
1348,10.135,10.1173,0.001266,0.05,10,1,141.0
1349,10.135,10.1179,0.003622,0.05,10,1,141.0
1350,10.125,10.1177,0.00115,0.05,11,1,141.1
1351,10.135,10.1179,0.00377,0.05,10,1,141.1
1352,10.135,10.1181,0.001285,0.05,10,1,141.1
1353,10.135,10.1183,0.001346,0.05,10,1,141.1
1354,9.895,10.1145,0.000911,0.05,39,1,141.2
1355,10.125,10.1137,0.000874,0.05,11,1,141.2
1356,10.135,10.1155,0.00287,0.05,10,1,141.2
1357,10.115,10.1151,0.001228,0.05,12,1,141.3
1358,10.135,10.1151,0.000936,0.05,10,1,141.3
1359,10.115,10.1144,0.001269,0.05,12,1,141.3
1360,10.135,10.1144,0.07626,0.05,10,1,141.3
1361,10.135,10.1143,0.012178,0.05,10,1,141.3
1362,10.115,10.1139,0.009047,0.05,12,1,141.4
1363,10.15,10.1142,0.001947,0.05,11,1,141.4
1364,10.125,10.114,0.002072,0.05,11,1,141.4
1365,10.115,10.1133,0.001231,0.05,12,1,141.4
1366,10.135,10.1132,0.001143,0.05,10,1,141.4
1367,10.115,10.1132,0.064289,0.05,12,1,141.5
1368,10.14,10.1133,0.004947,0.05,12,1,141.5
1369,10.15,10.1136,0.002234,0.05,11,1,141.5
1370,10.135,10.1138,0.001795,0.05,10,1,141.5
1371,10.135,10.1135,0.004439,0.05,10,1,141.6
1372,10.135,10.1132,0.001635,0.05,10,1,141.6
1373,10.135,10.1134,0.001557,0.05,10,1,141.6
1374,10.165,10.114,0.006079,0.05,12,1,141.6
1375,10.135,10.114,0.002895,0.05,10,1,141.6
1376,10.125,10.1136,0.001104,0.05,11,1,141.7
1377,10.135,10.1136,0.006168,0.05,10,1,141.7
1378,10.15,10.1136,0.002311,0.05,11,1,141.7
1379,10.135,10.1138,0.002904,0.05,10,1,141.7
1380,10.15,10.1141,0.001615,0.05,11,1,141.7
1381,10.115,10.1137,0.004372,0.05,12,1,141.8
1382,10.135,10.1137,0.002424,0.05,10,1,141.8
1383,10.135,10.1137,0.001353,0.05,10,1,141.8
1384,10.115,10.1133,0.001196,0.05,12,1,141.8
1385,10.135,10.1132,0.00095,0.05,10,1,141.8
1386,10.115,10.1124,0.001712,0.05,12,1,141.9
1387,10.135,10.1126,0.004572,0.05,10,1,141.9
1388,10.135,10.1122,0.001223,0.05,10,1,141.9
1389,10.15,10.1125,0.005942,0.05,11,1,141.9
1390,10.18,10.1132,0.00145,0.05,13,1,142.0
1391,10.115,10.1132,0.003869,0.05,12,1,142.0
1392,10.115,10.1128,0.072583,0.05,12,1,142.0
1393,10.12,10.1127,0.004932,0.05,14,1,142.0
1394,10.135,10.1127,0.002623,0.05,10,1,142.1
1395,10.135,10.1127,0.001791,0.05,10,1,142.1
1396,10.135,10.1131,0.001582,0.05,10,1,142.1
1397,10.135,10.1282,0.001258,0.05,10,1,142.1
1398,10.135,10.1282,0.00115,0.05,10,1,142.1
1399,10.135,10.1282,0.000932,0.05,10,1,142.2
1400,10.135,10.1284,0.000958,0.05,10,1,142.2
1401,10.125,10.1282,0.000941,0.05,11,1,142.2
1402,10.15,10.1285,0.001252,0.05,11,1,142.2
1403,10.135,10.1285,0.00081,0.05,10,1,142.2
1404,10.135,10.1333,0.005692,0.05,10,1,142.3
1405,10.135,10.1335,0.000931,0.05,10,1,142.3
1406,10.125,10.1333,0.001353,0.05,11,1,142.3
1407,10.15,10.134,0.000991,0.05,11,1,142.3
1408,10.135,10.134,0.001118,0.05,10,1,142.3
1409,10.15,10.1347,0.004206,0.05,11,1,142.4
1410,10.115,10.1343,0.001006,0.05,12,1,142.4
1411,10.135,10.1343,0.000853,0.05,10,1,142.4
1412,10.125,10.1345,0.000824,0.05,11,1,142.4
1413,10.135,10.1342,0.001025,0.05,10,1,142.5
1414,10.135,10.1344,0.000828,0.05,10,1,142.5
1415,10.135,10.1348,0.000732,0.05,10,1,142.5
1416,10.125,10.1346,0.001048,0.05,11,1,142.5
1417,10.115,10.1346,0.000973,0.05,12,1,142.5
1418,10.155,10.1349,0.000775,0.05,13,1,142.6
1419,10.135,10.1346,0.00123,0.05,10,1,142.6
1420,10.15,10.1349,0.002387,0.05,11,1,142.6
1421,10.135,10.1349,0.000944,0.05,10,1,142.6
1422,10.15,10.1352,0.000933,0.05,11,1,142.6
1423,10.15,10.1355,0.004066,0.05,11,1,142.7
1424,10.115,10.1345,0.000791,0.05,12,1,142.7
1425,10.135,10.1345,0.002465,0.05,10,1,142.7
1426,10.165,10.1353,0.003008,0.05,12,1,142.7
1427,10.135,10.1353,0.00099,0.05,10,1,142.8
1428,10.135,10.135,0.002142,0.05,10,1,142.8
1429,10.135,10.135,0.004836,0.05,10,1,142.8
1430,10.135,10.1347,0.001761,0.05,10,1,142.8
1431,10.125,10.1349,0.082382,0.05,11,1,142.8
1432,10.155,10.1353,0.004447,0.05,13,1,142.9
1433,10.135,10.1353,0.002563,0.05,10,1,142.9
1434,10.135,10.1357,0.001848,0.05,10,1,142.9
1435,10.115,10.1353,0.002017,0.05,12,1,142.9
1436,10.135,10.1357,0.001354,0.05,10,1,142.9
1437,10.135,10.1357,0.001021,0.05,10,1,143.0
1438,10.135,10.1357,0.001117,0.05,10,1,143.0
1439,10.135,10.1354,0.000983,0.05,10,1,143.0
1440,10.135,10.1345,0.000898,0.05,10,1,143.0
1441,10.135,10.1349,0.001083,0.05,10,1,143.0
1442,10.145,10.1355,0.000972,0.05,14,1,143.1
1443,10.135,10.1358,0.009135,0.05,10,1,143.1
1444,10.115,10.1354,0.003946,0.05,12,1,143.1
1445,10.035,10.1334,0.003607,0.05,20,1,143.2
1446,10.135,10.1334,0.001378,0.05,10,1,143.2
1447,9.97,10.1301,0.035582,0.05,29,1,143.2
1448,10.125,10.1299,0.005854,0.05,16,1,143.3
1449,10.125,10.1297,0.002247,0.05,11,1,143.3
1450,10.115,10.1293,0.002683,0.05,12,1,143.3
1451,10.135,10.1295,0.001255,0.05,10,1,143.3
1452,10.135,10.1292,0.00194,0.05,10,1,143.4
1453,10.145,10.1294,0.001305,0.05,19,1,143.4
1454,10.135,10.1294,0.000657,0.05,10,1,143.4
1455,10.135,10.1294,0.000943,0.05,10,1,143.4
1456,10.125,10.1294,0.001008,0.05,11,1,143.5
1457,10.115,10.1287,0.003575,0.05,12,1,143.5
1458,10.135,10.1287,0.000985,0.05,10,1,143.5
1459,-2.7,9.8717,0.008437,0.05,300,0,144.1
1460,10.125,9.8719,0.002105,0.05,11,1,144.1
1461,10.135,9.8719,0.00142,0.05,10,1,144.1
1462,10.125,9.8719,0.001925,0.05,11,1,144.1
1463,10.135,9.8719,0.001549,0.05,10,1,144.1
1464,10.135,9.8719,0.001096,0.05,10,1,144.2
1465,10.135,9.8719,0.151696,0.05,10,1,144.2
1466,10.135,9.8721,0.009218,0.05,15,1,144.2
1467,10.14,9.8726,0.005587,0.05,12,1,144.2
1468,10.15,9.8725,0.005505,0.05,11,1,144.3
1469,10.135,9.8725,0.006216,0.05,10,1,144.3
1470,10.15,9.8725,0.002385,0.05,11,1,144.3
1471,10.135,9.8725,0.001558,0.05,10,1,144.3
1472,10.135,9.8722,0.001632,0.05,10,1,144.4
1473,10.135,9.8719,0.005248,0.05,10,1,144.4
1474,10.15,9.8726,0.001281,0.05,11,1,144.4
1475,10.15,9.8729,0.133588,0.05,11,1,144.4
1476,10.155,9.8727,0.004348,0.05,13,1,144.4
1477,10.115,9.8723,0.007208,0.05,12,1,144.5
1478,10.135,9.8723,0.00265,0.05,10,1,144.5
1479,10.165,9.8729,0.002495,0.05,12,1,144.5
1480,10.135,9.8729,0.003625,0.05,10,1,144.5
1481,10.14,9.8732,0.002767,0.05,12,1,144.6
1482,10.135,9.8728,0.003983,0.05,10,1,144.6
1483,10.135,9.8728,0.001511,0.05,10,1,144.6
1484,10.135,9.8728,0.001667,0.05,10,1,144.6
1485,10.135,9.8732,0.001494,0.05,10,1,144.6
1486,10.135,9.8732,0.004372,0.05,10,1,144.7
1487,10.125,9.873,0.001328,0.05,11,1,144.7
1488,10.135,9.873,0.00181,0.05,10,1,144.7
1489,10.15,9.8733,0.001775,0.05,11,1,144.7
1490,10.135,9.8733,0.001928,0.05,10,1,144.7
1491,10.15,9.8736,0.001529,0.05,11,1,144.8
1492,10.135,9.8734,0.001411,0.05,10,1,144.8
1493,10.135,9.8734,0.001495,0.05,10,1,144.8
1494,10.13,9.8737,0.001008,0.05,13,1,144.8
1495,10.15,9.876,0.000859,0.05,11,1,144.8
1496,10.115,9.8756,0.000954,0.05,12,1,144.9
1497,10.095,9.8781,0.099887,0.05,14,1,144.9
1498,10.115,9.8779,0.005516,0.05,17,1,144.9
1499,10.135,9.8781,0.002002,0.05,10,1,144.9
1500,10.135,9.8785,0.001349,0.05,10,1,145.0
1501,10.14,9.8786,0.002643,0.05,12,1,145.0
1502,10.14,9.8787,0.108179,0.05,12,1,145.0
1503,10.135,9.8785,0.004385,0.05,10,1,145.0
1504,10.15,9.8788,0.002501,0.05,11,1,145.0
1505,10.135,9.8788,0.001724,0.05,10,1,145.1
1506,10.135,9.879,0.001163,0.05,10,1,145.1
1507,10.09,9.8785,0.068025,0.05,17,1,145.1
1508,10.09,9.8776,0.004695,0.05,17,1,145.1
1509,10.105,10.1337,0.005139,0.05,13,1,145.2
1510,10.135,10.1339,0.001772,0.05,10,1,145.2
1511,10.135,10.1339,0.003384,0.05,10,1,145.2
1512,10.135,10.1341,0.001258,0.05,10,1,145.2
1513,10.135,10.1341,0.115216,0.05,10,1,145.2
1514,10.14,10.1342,0.002361,0.05,12,1,145.3
1515,10.145,10.1344,0.00685,0.05,14,1,145.3
1516,10.135,10.1344,0.008058,0.05,10,1,145.3
1517,10.125,10.1341,0.100568,0.05,11,1,145.3
1518,10.115,10.1334,0.002422,0.05,12,1,145.4
1519,10.14,10.1335,0.011199,0.05,12,1,145.4
1520,10.125,10.133,0.005176,0.05,11,1,145.4
1521,10.135,10.133,0.004127,0.05,10,1,145.4
1522,10.115,10.1326,0.002402,0.05,17,1,145.5
1523,10.15,10.1329,0.001002,0.05,11,1,145.5
1524,10.135,10.1326,0.00101,0.05,10,1,145.5
1525,10.115,10.1319,0.002184,0.05,12,1,145.5
1526,10.135,10.1315,0.000908,0.05,10,1,145.5
1527,10.135,10.1319,0.000984,0.05,10,1,145.6
1528,10.135,10.1319,0.002251,0.05,10,1,145.6
1529,10.135,10.1313,0.002266,0.05,10,1,145.6
1530,10.15,10.1316,0.001079,0.05,11,1,145.6
1531,10.13,10.1314,0.091748,0.05,13,1,145.6
1532,10.165,10.132,0.005698,0.05,12,1,145.7
1533,10.15,10.1323,0.005909,0.05,11,1,145.7
1534,10.115,10.1319,0.001525,0.05,12,1,145.7
1535,10.115,10.1315,0.00111,0.05,12,1,145.7
1536,10.085,10.1305,0.001142,0.05,15,1,145.8
1537,10.135,10.1307,0.00067,0.05,10,1,145.8
1538,10.12,10.1304,0.000973,0.05,14,1,145.8
1539,10.155,10.1305,0.000643,0.05,13,1,145.8
1540,10.15,10.1308,0.007312,0.05,11,1,145.8
1541,10.135,10.1305,0.002013,0.05,10,1,145.9
1542,10.135,10.1305,0.00187,0.05,10,1,145.9
1543,10.14,10.1306,0.000686,0.05,12,1,145.9
1544,10.135,10.1307,0.001945,0.05,10,1,145.9
1545,10.15,10.1307,0.000776,0.05,11,1,145.9
1546,10.135,10.1311,0.001681,0.05,10,1,146.0
1547,10.135,10.1319,0.0009,0.05,10,1,146.0
1548,10.135,10.1323,0.001653,0.05,10,1,146.0
1549,10.105,10.1317,0.001358,0.05,13,1,146.0
1550,10.135,10.1317,0.000777,0.05,10,1,146.0
1551,10.095,10.1308,0.067378,0.05,19,1,146.1
1552,10.135,10.1307,0.003455,0.05,10,1,146.1
1553,10.135,10.1307,0.002291,0.05,10,1,146.1
1554,10.115,10.13,0.003443,0.05,12,1,146.1
1555,10.165,10.1306,0.00496,0.05,12,1,146.2
1556,10.14,10.1307,0.001954,0.05,12,1,146.2
1557,10.135,10.1316,0.002479,0.05,10,1,146.2
1558,10.135,10.1325,0.001427,0.05,10,1,146.2
1559,10.135,10.1331,0.000852,0.05,10,1,146.2
1560,10.14,10.1332,0.001069,0.05,12,1,146.3
1561,10.135,10.1332,0.00139,0.05,10,1,146.3
1562,10.12,10.1329,0.091332,0.05,14,1,146.3
1563,10.135,10.1329,0.008007,0.05,15,1,146.4
1564,10.155,10.1332,0.001809,0.05,13,1,146.4
1565,10.095,10.1322,0.003353,0.05,14,1,146.4
1566,10.135,10.1322,0.00207,0.05,10,1,146.4
1567,10.155,10.1328,0.001287,0.05,13,1,146.4
1568,10.15,10.1335,0.001749,0.05,11,1,146.5
1569,10.135,10.1334,0.001014,0.05,10,1,146.5
1570,10.135,10.1336,0.001684,0.05,10,1,146.5
1571,10.125,10.1334,0.000831,0.05,11,1,146.5
1572,10.115,10.1334,0.102689,0.05,12,1,146.6
1573,10.15,10.1334,0.100036,0.05,11,1,146.6
1574,10.135,10.1334,0.004623,0.05,10,1,146.6
1575,10.135,10.1338,0.004363,0.05,10,1,146.6
1576,10.155,10.1342,0.002385,0.05,13,1,146.6
1577,10.085,10.1332,0.072676,0.05,15,1,146.7
1578,10.095,10.1324,0.007447,0.05,14,1,146.7
1579,10.135,10.1324,0.002215,0.05,15,1,146.7
1580,10.135,10.1321,0.001685,0.05,10,1,146.8
1581,10.135,10.1322,0.001442,0.05,10,1,146.8
1582,10.135,10.1316,0.004316,0.05,10,1,146.8
1583,10.135,10.1313,0.00072,0.05,10,1,146.8
1584,10.135,10.1317,0.00094,0.05,15,1,146.8
1585,10.15,10.1324,0.000748,0.05,11,1,146.9
1586,10.135,10.1334,0.000674,0.05,10,1,146.9
1587,10.115,10.133,0.000612,0.05,12,1,146.9
1588,10.15,10.1336,0.00068,0.05,11,1,146.9
1589,10.135,10.1332,0.003103,0.05,10,1,146.9
1590,10.165,10.1335,0.000634,0.05,12,1,147.0
1591,10.15,10.1338,0.000695,0.05,11,1,147.0
1592,10.135,10.1338,0.002616,0.05,10,1,147.0
1593,10.135,10.1337,0.00223,0.05,10,1,147.0
1594,10.135,10.1337,0.000706,0.05,10,1,147.1
1595,10.135,10.1334,0.002044,0.05,10,1,147.1
1596,10.135,10.1334,0.000573,0.05,10,1,147.1
1597,10.125,10.1332,0.000624,0.05,11,1,147.1
1598,10.125,10.133,0.002463,0.05,11,1,147.1
1599,10.135,10.1336,0.000713,0.05,10,1,147.2
1600,10.12,10.1333,0.001233,0.05,14,1,147.2
1601,10.135,10.1341,0.000494,0.05,10,1,147.2
1602,10.135,10.1341,0.000776,0.05,10,1,147.2
1603,10.15,10.1344,0.001063,0.05,11,1,147.2
1604,10.15,10.1351,0.00055,0.05,11,1,147.3
1605,10.15,10.1348,0.001186,0.05,11,1,147.3
1606,10.15,10.135,0.001267,0.05,11,1,147.3
1607,10.135,10.135,0.001341,0.05,10,1,147.3
1608,10.135,10.135,0.00126,0.05,10,1,147.4
1609,10.135,10.135,0.001038,0.05,10,1,147.4
1610,10.105,10.1343,0.000851,0.05,18,1,147.4
1611,10.13,10.1342,0.000946,0.05,13,1,147.4
1612,10.095,10.1337,0.001863,0.05,14,1,147.5
1613,10.135,10.1337,0.001476,0.05,10,1,147.5
1614,10.135,10.1333,0.001644,0.05,10,1,147.5
1615,10.135,10.1341,0.000941,0.05,10,1,147.5
1616,10.105,10.1335,0.001414,0.05,13,1,147.6
1617,10.135,10.1331,0.000854,0.05,10,1,147.6
1618,10.135,10.1328,0.000962,0.05,10,1,147.6
1619,10.135,10.1328,0.001115,0.05,10,1,147.6
1620,10.15,10.1331,0.001158,0.05,11,1,147.6
1621,10.135,10.1333,0.001048,0.05,10,1,147.7
1622,10.135,10.1337,0.000827,0.05,10,1,147.7
1623,10.13,10.1333,0.097127,0.05,13,1,147.7
1624,10.17,10.134,0.003251,0.05,14,1,147.7
1625,10.15,10.1343,0.004902,0.05,11,1,147.7
1626,10.15,10.1342,0.001626,0.05,11,1,147.8
1627,10.135,10.1352,0.002938,0.05,10,1,147.8
1628,10.15,10.1363,0.002678,0.05,11,1,147.8
1629,10.115,10.1359,0.000992,0.05,12,1,147.8
1630,10.165,10.1365,0.00158,0.05,12,1,147.9
1631,10.135,10.1365,0.116596,0.05,10,1,147.9
1632,10.095,10.1357,0.058231,0.05,19,1,147.9
1633,10.125,10.1355,0.071451,0.05,11,1,147.9
1634,10.165,10.1361,0.014387,0.05,12,1,148.0
1635,10.135,10.1358,0.002657,0.05,15,1,148.0
1636,10.14,10.1359,0.002451,0.05,12,1,148.0
1637,9.905,10.1317,0.01128,0.05,38,1,148.1
1638,10.135,10.1314,0.00631,0.05,10,1,148.1
1639,10.135,10.1314,0.004692,0.05,10,1,148.1
1640,10.135,10.1308,0.001412,0.05,10,1,148.1
1641,10.135,10.1305,0.00098,0.05,10,1,148.2
1642,10.125,10.1303,0.000878,0.05,11,1,148.2
1643,10.135,10.1303,0.000773,0.05,10,1,148.2
1644,10.135,10.1303,0.002677,0.05,10,1,148.2
1645,10.115,10.1299,0.003673,0.05,12,1,148.3
1646,10.135,10.1299,0.001039,0.05,10,1,148.3
1647,10.135,10.1301,0.001813,0.05,10,1,148.3
1648,10.135,10.1303,0.000686,0.05,10,1,148.3
1649,10.135,10.1303,0.00098,0.05,10,1,148.3
1650,10.135,10.1306,0.000713,0.05,10,1,148.4
1651,9.665,10.1212,0.00162,0.05,62,1,148.5
1652,10.14,10.1213,0.001546,0.05,12,1,148.5
1653,10.135,10.121,0.002172,0.05,10,1,148.5
1654,10.115,10.1203,0.000886,0.05,12,1,148.5
1655,10.135,10.12,0.001239,0.05,10,1,148.6
1656,10.135,10.1197,0.001201,0.05,10,1,148.6
1657,10.2,10.121,0.001298,0.05,16,1,148.6
1658,10.135,10.121,0.001201,0.05,10,1,148.6
1659,10.135,10.121,0.000767,0.05,10,1,148.6
1660,10.15,10.1219,0.000986,0.05,11,1,148.7
1661,10.125,10.1218,0.001482,0.05,11,1,148.7
1662,10.135,10.1226,0.001041,0.05,10,1,148.7
1663,10.115,10.1222,0.001515,0.05,12,1,148.7
1664,10.135,10.1222,0.00111,0.05,10,1,148.8
1665,10.125,10.122,0.001573,0.05,11,1,148.8
1666,10.135,10.1226,0.001277,0.05,10,1,148.8
1667,10.135,10.1226,0.000826,0.05,10,1,148.8
1668,10.135,10.1226,0.000746,0.05,10,1,148.8
1669,10.135,10.1226,0.001129,0.05,10,1,148.9
1670,10.135,10.1223,0.001058,0.05,10,1,148.9
1671,10.135,10.1223,0.001168,0.05,10,1,148.9
1672,10.135,10.1223,0.000999,0.05,10,1,148.9
1673,10.105,10.1218,0.001048,0.05,18,1,149.0
1674,10.135,10.1211,0.001064,0.05,10,1,149.0
1675,10.135,10.1208,0.001219,0.05,10,1,149.0
1676,10.135,10.1205,0.00078,0.05,10,1,149.0
1677,10.135,10.1205,0.000642,0.05,10,1,149.0
1678,10.135,10.1202,0.000897,0.05,10,1,149.0
1679,10.135,10.1206,0.000715,0.05,10,1,149.1
1680,10.115,10.1196,0.000789,0.05,12,1,149.1
1681,10.135,10.1196,0.000802,0.05,10,1,149.1
1682,10.135,10.1204,0.000586,0.05,10,1,149.1
1683,10.115,10.1202,0.001057,0.05,12,1,149.1
1684,10.135,10.1196,0.000656,0.05,10,1,149.2
1685,10.135,10.1196,0.000764,0.05,10,1,149.2
1686,10.15,10.1198,0.000586,0.05,11,1,149.2
1687,10.105,10.1238,0.000598,0.05,13,1,149.2
1688,10.135,10.1238,0.000829,0.05,10,1,149.3
1689,10.15,10.1241,0.000761,0.05,11,1,149.3
1690,10.135,10.1241,0.000557,0.05,10,1,149.3
1691,10.115,10.1237,0.000594,0.05,12,1,149.3
1692,10.135,10.1239,0.000641,0.05,10,1,149.3
1693,10.15,10.1242,0.000619,0.05,11,1,149.4
1694,10.135,10.1242,0.000787,0.05,10,1,149.4
1695,10.135,10.1246,0.000678,0.05,10,1,149.4
1696,10.135,10.1246,0.000531,0.05,10,1,149.4
1697,10.15,10.1249,0.001313,0.05,11,1,149.4
1698,10.135,10.1249,0.000559,0.05,10,1,149.4
1699,10.135,10.1249,0.000947,0.05,10,1,149.5
1700,10.125,10.1247,0.000725,0.05,11,1,149.5
1701,10.115,10.1337,0.000799,0.05,12,1,149.5
1702,10.125,10.1334,0.000645,0.05,11,1,149.5
1703,10.135,10.1334,0.000628,0.05,10,1,149.6
1704,10.145,10.134,0.000779,0.05,14,1,149.6
1705,10.135,10.134,0.000774,0.05,10,1,149.6
1706,10.135,10.134,0.000803,0.05,10,1,149.6
1707,10.125,10.1325,0.000727,0.05,11,1,149.6
1708,10.15,10.1328,0.000669,0.05,11,1,149.7
1709,10.135,10.1328,0.130101,0.05,10,1,149.7
1710,10.15,10.1328,0.00321,0.05,11,1,149.7
1711,10.135,10.133,0.003836,0.05,10,1,149.7
1712,10.135,10.133,0.002291,0.05,10,1,149.7
1713,10.165,10.134,0.002077,0.05,12,1,149.8
1714,10.135,10.134,0.002272,0.05,10,1,149.8
1715,10.125,10.134,0.000775,0.05,11,1,149.8
1716,10.135,10.134,0.000928,0.05,10,1,149.8
1717,10.135,10.134,0.000708,0.05,10,1,149.8
1718,10.125,10.1338,0.000963,0.05,11,1,149.9
1719,10.105,10.1332,0.000765,0.05,13,1,149.9
1720,10.135,10.1332,0.001807,0.05,10,1,149.9
1721,10.135,10.1332,0.000827,0.05,10,1,149.9
1722,10.135,10.1332,0.000924,0.05,10,1,149.9
1723,10.135,10.1338,0.000702,0.05,10,1,150.0
1724,10.135,10.1338,0.122975,0.05,10,1,150.0
1725,10.115,10.1334,0.00325,0.05,22,1,150.0
1726,10.125,10.1332,0.002126,0.05,11,1,150.0
1727,10.135,10.1332,0.103774,0.05,10,1,150.1
1728,10.135,10.1332,0.005601,0.05,10,1,150.1
1729,10.15,10.1335,0.060815,0.05,16,1,150.1
1730,10.15,10.1342,0.022254,0.05,16,1,150.1
1731,10.115,10.1338,0.0059,0.05,12,1,150.2
1732,9.71,10.1253,0.002509,0.05,65,1,150.3
1733,10.135,10.1257,0.002698,0.05,10,1,150.3
1734,10.135,10.1257,0.002198,0.05,10,1,150.3
1735,10.135,10.1257,0.001654,0.05,10,1,150.3
1736,10.15,10.1257,0.000736,0.05,11,1,150.4
1737,10.135,10.1263,0.001021,0.05,10,1,150.4
1738,10.135,10.1263,0.000927,0.05,10,1,150.4
1739,10.15,10.1263,0.000921,0.05,11,1,150.4
1740,10.15,10.1266,0.00105,0.05,11,1,150.4
1741,10.115,10.1266,0.001322,0.05,12,1,150.5
1742,10.165,10.1272,0.000613,0.05,12,1,150.5
1743,10.15,10.1272,0.001231,0.05,11,1,150.5
1744,10.135,10.1272,0.001255,0.05,10,1,150.5
1745,10.135,10.1272,0.001004,0.05,10,1,150.5
1746,10.165,10.1278,0.000703,0.05,12,1,150.6
1747,10.135,10.1275,0.000916,0.05,10,1,150.6
1748,10.15,10.1278,0.000906,0.05,11,1,150.6
1749,10.135,10.1278,0.000991,0.05,10,1,150.6
1750,10.15,10.1283,0.001108,0.05,11,1,150.6
1751,10.135,10.1287,0.000726,0.05,10,1,150.7
1752,10.135,10.1289,0.000858,0.05,10,1,150.7
1753,10.135,10.1289,0.00054,0.05,10,1,150.7
1754,10.15,10.129,0.000733,0.05,11,1,150.7
1755,10.135,10.129,0.000834,0.05,10,1,150.7
1756,10.135,10.129,0.127185,0.05,10,1,150.8
1757,10.115,10.1288,0.004694,0.05,12,1,150.8
1758,10.125,10.1283,0.003179,0.05,11,1,150.8
1759,10.165,10.1289,0.001458,0.05,12,1,150.8
1760,10.125,10.1284,0.004111,0.05,11,1,150.9
1761,10.115,10.128,0.001944,0.05,12,1,150.9
1762,10.15,10.1283,0.00135,0.05,11,1,150.9
1763,10.135,10.1277,0.000995,0.05,10,1,150.9
1764,10.135,10.1277,0.000776,0.05,10,1,150.9
1765,10.115,10.1275,0.000926,0.05,12,1,151.0
1766,9.745,10.1197,0.000748,0.05,59,1,151.1
1767,10.135,10.1197,0.000688,0.05,10,1,151.1
1768,10.135,10.1199,0.001162,0.05,10,1,151.1
1769,10.15,10.1208,0.001052,0.05,11,1,151.1
1770,10.095,10.12,0.000788,0.05,14,1,151.2
1771,10.125,10.1198,0.000893,0.05,11,1,151.2
1772,10.15,10.1201,0.000771,0.05,11,1,151.2
1773,10.135,10.1201,0.00086,0.05,10,1,151.2
1774,10.125,10.1199,0.000783,0.05,11,1,151.2
1775,10.115,10.1199,0.000803,0.05,12,1,151.3
1776,10.15,10.1204,0.000692,0.05,11,1,151.3
1777,10.135,10.1204,0.000668,0.05,10,1,151.3
1778,10.14,10.1205,0.000492,0.05,12,1,151.3
1779,10.135,10.1202,0.000691,0.05,10,1,151.4
1780,10.135,10.1199,0.00087,0.05,10,1,151.4
1781,10.135,10.1203,0.000797,0.05,10,1,151.4
1782,10.15,10.1291,0.00081,0.05,11,1,151.4
1783,10.135,10.1291,0.000714,0.05,10,1,151.4
1784,10.135,10.1291,0.000519,0.05,10,1,151.5
1785,10.135,10.1291,0.128585,0.05,10,1,151.5
1786,10.15,10.1291,0.004974,0.05,16,1,151.5
1787,10.11,10.1286,0.002463,0.05,15,1,151.6
1788,10.03,10.1265,0.001791,0.05,28,1,151.6
1789,10.135,10.1262,0.001078,0.05,10,1,151.6
1790,10.135,10.1259,0.117925,0.05,10,1,151.6
1791,10.1,10.1256,0.003617,0.05,21,1,151.7
1792,10.15,10.1253,0.00624,0.05,11,1,151.7
1793,9.805,10.1184,0.027289,0.05,48,1,151.8
1794,10.125,10.1182,0.003204,0.05,16,1,151.8
1795,10.135,10.1182,0.068489,0.05,15,1,151.9
1796,9.715,10.1092,0.006991,0.05,62,1,152.0
1797,10.135,10.1092,0.001312,0.05,10,1,152.0
1798,10.115,10.1085,0.001506,0.05,12,1,152.0
1799,10.135,10.1085,0.00374,0.05,10,1,152.1
1800,10.07,10.1069,0.001412,0.05,19,1,152.1
1801,10.165,10.1075,0.00238,0.05,12,1,152.1
1802,10.135,10.1075,0.002303,0.05,10,1,152.1
1803,10.13,10.1074,0.001893,0.05,13,1,152.2
1804,10.135,10.1071,0.001169,0.05,10,1,152.2
1805,10.135,10.1071,0.000928,0.05,10,1,152.2
1806,10.135,10.1071,0.001706,0.05,10,1,152.2
1807,10.135,10.1075,0.000667,0.05,10,1,152.2
1808,10.135,10.1077,0.001478,0.05,15,1,152.3
1809,9.855,10.1015,0.001321,0.05,43,1,152.4
1810,10.135,10.1017,0.000828,0.05,10,1,152.4
1811,10.125,10.1019,0.00182,0.05,11,1,152.5
1812,10.135,10.1016,0.000736,0.05,10,1,152.5
1813,9.9,10.0969,0.057813,0.05,41,1,152.6
1814,10.08,10.0958,0.006838,0.05,18,1,152.6
1815,9.995,10.0934,0.003083,0.05,24,1,152.7
1816,10.105,10.1006,0.003101,0.05,18,1,152.7
1817,10.125,10.1004,0.002485,0.05,11,1,152.7
1818,10.135,10.1004,0.001908,0.05,10,1,152.7
1819,10.135,10.1001,0.000971,0.05,10,1,152.8
1820,10.15,10.1012,0.000745,0.05,11,1,152.8
1821,10.115,10.101,0.00062,0.05,12,1,152.8
1822,10.15,10.101,0.001505,0.05,11,1,152.8
1823,10.135,10.101,0.001716,0.05,10,1,152.8
1824,10.12,10.1009,0.0008,0.05,14,1,152.9
1825,10.115,10.1009,0.093242,0.05,12,1,152.9
1826,10.165,10.1012,0.004246,0.05,12,1,152.9
1827,10.06,10.0997,0.002586,0.05,20,1,153.0
1828,10.135,10.0996,0.00145,0.05,10,1,153.0
1829,10.135,10.0996,0.001041,0.05,10,1,153.0
1830,10.135,10.0996,0.000624,0.05,10,1,153.0
1831,10.105,10.099,0.002269,0.05,13,1,153.1
1832,10.135,10.0987,0.105547,0.05,10,1,153.1
1833,10.13,10.0986,0.075977,0.05,13,1,153.2
1834,10.135,10.0986,0.016951,0.05,10,1,153.2
1835,9.61,10.0881,0.015628,0.05,65,1,153.4
1836,10.165,10.0884,0.00405,0.05,12,1,153.4
1837,10.07,10.0876,0.006953,0.05,19,1,153.4
1838,10.105,10.0891,0.001814,0.05,13,1,153.5
1839,10.135,10.0891,0.006961,0.05,10,1,153.5
1840,10.08,10.088,0.002958,0.05,23,1,153.5
1841,10.135,10.0887,0.004123,0.05,10,1,153.6
1842,10.135,10.0884,0.000959,0.05,10,1,153.6
1843,10.135,10.095,0.003637,0.05,10,1,153.6
1844,10.115,10.0948,0.004962,0.05,12,1,153.6
1845,10.135,10.0948,0.000899,0.05,10,1,153.6
1846,10.135,10.1032,0.001366,0.05,10,1,153.7
1847,10.115,10.1028,0.001282,0.05,12,1,153.7
1848,10.135,10.1032,0.000827,0.05,10,1,153.7
1849,10.065,10.1018,0.003205,0.05,17,1,153.8
1850,10.15,10.1034,0.001535,0.05,11,1,153.8
1851,10.125,10.1026,0.000877,0.05,11,1,153.8
1852,10.135,10.1026,0.000515,0.05,10,1,153.8
1853,10.135,10.1027,0.001957,0.05,10,1,153.8
1854,10.135,10.1027,0.000634,0.05,10,1,153.9
1855,10.125,10.1025,0.001882,0.05,11,1,153.9
1856,10.135,10.1025,0.002578,0.05,10,1,153.9
1857,10.135,10.1025,0.000529,0.05,10,1,153.9
1858,10.15,10.1028,0.00136,0.05,11,1,153.9
1859,10.15,10.1087,0.001379,0.05,11,1,154.0
1860,10.135,10.1087,0.001057,0.05,10,1,154.0
1861,10.135,10.1089,0.002211,0.05,10,1,154.0
1862,10.115,10.1085,0.001233,0.05,12,1,154.0
1863,10.15,10.1135,0.001,0.05,11,1,154.1
1864,10.135,10.1146,0.001569,0.05,10,1,154.1
1865,10.15,10.1177,0.001568,0.05,11,1,154.1
1866,10.135,10.1183,0.000578,0.05,10,1,154.1
1867,10.125,10.1183,0.099373,0.05,11,1,154.1
1868,10.18,10.1192,0.002929,0.05,13,1,154.2
1869,10.105,10.1186,0.004569,0.05,13,1,154.2
1870,10.135,10.1183,0.001449,0.05,10,1,154.2
1871,10.095,10.1179,0.001363,0.05,14,1,154.2
1872,10.135,10.1176,0.000915,0.05,10,1,154.3
1873,10.165,10.1182,0.0008,0.05,12,1,154.3
1874,10.15,10.1188,0.000657,0.05,11,1,154.3
1875,10.135,10.1192,0.00071,0.05,10,1,154.3
1876,10.095,10.1178,0.000566,0.05,14,1,154.3
1877,10.135,10.1193,0.00076,0.05,10,1,154.4
1878,10.135,10.1193,0.002406,0.05,10,1,154.4
1879,10.125,10.1191,0.000874,0.05,11,1,154.4
1880,10.135,10.1191,0.000791,0.05,10,1,154.4
1881,10.135,10.1197,0.000702,0.05,10,1,154.4
1882,10.115,10.1193,0.00078,0.05,12,1,154.5
1883,10.165,10.12,0.00199,0.05,12,1,154.5
1884,10.135,10.12,0.000768,0.05,10,1,154.5
1885,10.125,10.1303,0.000663,0.05,11,1,154.5
1886,10.135,10.1297,0.000582,0.05,10,1,154.5
1887,10.165,10.1316,0.001552,0.05,12,1,154.6
1888,10.135,10.1322,0.104466,0.05,10,1,154.6
1889,10.14,10.1323,0.003055,0.05,12,1,154.6
1890,9.9,10.1287,0.003631,0.05,36,1,154.7
1891,10.115,10.1283,0.000975,0.05,12,1,154.7
1892,10.13,10.1282,0.003862,0.05,13,1,154.7
1893,10.135,10.1282,0.000661,0.05,10,1,154.7
1894,9.84,10.1227,0.001085,0.05,42,1,154.8
1895,10.135,10.1227,0.00108,0.05,10,1,154.8
1896,10.135,10.1227,0.00056,0.05,10,1,154.9
1897,10.135,10.1231,0.003228,0.05,10,1,154.9
1898,10.15,10.1234,0.001675,0.05,11,1,154.9
1899,10.135,10.1248,0.001687,0.05,10,1,154.9
1900,10.15,10.1248,0.001323,0.05,11,1,154.9
1901,10.15,10.1253,0.001302,0.05,11,1,155.0
1902,10.135,10.1253,0.001089,0.05,10,1,155.0
1903,10.09,10.1244,0.054154,0.05,22,1,155.0
1904,10.135,10.1244,0.007039,0.05,10,1,155.0
1905,10.135,10.1246,0.001288,0.05,10,1,155.1
1906,10.15,10.1249,0.002369,0.05,11,1,155.1
1907,10.135,10.1249,0.108029,0.05,10,1,155.1
1908,10.135,10.1246,0.005619,0.05,10,1,155.1
1909,10.05,10.1226,0.004304,0.05,21,1,155.2
1910,10.135,10.1226,0.001253,0.05,10,1,155.2
1911,10.165,10.1232,0.002128,0.05,12,1,155.2
1912,10.15,10.1239,0.00084,0.05,11,1,155.2
1913,10.135,10.1236,0.002913,0.05,10,1,155.3
1914,10.115,10.1232,0.001346,0.05,12,1,155.3
1915,10.135,10.1229,0.001384,0.05,10,1,155.3
1916,10.135,10.1229,0.000586,0.05,10,1,155.3
1917,10.125,10.1229,0.001696,0.05,11,1,155.3
1918,10.135,10.122,0.105666,0.05,10,1,155.4
1919,10.105,10.122,0.006611,0.05,13,1,155.4
1920,10.115,10.1216,0.002124,0.05,12,1,155.4
1921,10.15,10.1227,0.086612,0.05,11,1,155.4
1922,10.105,10.1221,0.003965,0.05,18,1,155.5
1923,10.125,10.1213,0.008064,0.05,11,1,155.5
1924,10.14,10.1211,0.052137,0.05,17,1,155.5
1925,10.055,10.1195,0.039141,0.05,23,1,155.6
1926,10.15,10.1206,0.006296,0.05,11,1,155.6
1927,10.135,10.1206,0.011694,0.05,10,1,155.6
1928,10.145,10.1208,0.00664,0.05,14,1,155.6
1929,10.125,10.1208,0.069818,0.05,11,1,155.6
1930,10.135,10.1208,0.002062,0.05,10,1,155.7
1931,10.135,10.1208,0.010094,0.05,10,1,155.7
1932,10.135,10.1212,0.001959,0.05,10,1,155.7
1933,10.135,10.1206,0.001054,0.05,10,1,155.7
1934,10.165,10.1212,0.006473,0.05,12,1,155.7
1935,10.135,10.1214,0.001553,0.05,10,1,155.8
1936,10.135,10.1214,0.001304,0.05,10,1,155.8
1937,10.14,10.1209,0.001056,0.05,12,1,155.8
1938,10.135,10.1209,0.010431,0.05,10,1,155.8
1939,10.135,10.1208,0.001347,0.05,10,1,155.9
1940,10.135,10.1255,0.000623,0.05,10,1,155.9
1941,10.135,10.1259,0.004083,0.05,10,1,155.9
1942,10.125,10.1258,0.000851,0.05,11,1,155.9
1943,10.135,10.1258,0.002098,0.05,10,1,155.9
1944,10.135,10.1317,0.000575,0.05,10,1,156.0
1945,10.15,10.132,0.003427,0.05,11,1,156.0
1946,10.135,10.132,0.000781,0.05,10,1,156.0
1947,10.15,10.1323,0.003216,0.05,11,1,156.0
1948,10.135,10.132,0.000984,0.05,10,1,156.0
1949,10.145,10.1322,0.005577,0.05,14,1,156.1
1950,10.13,10.1318,0.002063,0.05,13,1,156.1
1951,10.135,10.1315,0.002576,0.05,10,1,156.1
1952,10.115,10.1311,0.002076,0.05,12,1,156.1
1953,10.135,10.132,0.002822,0.05,10,1,156.2
1954,10.135,10.132,0.00091,0.05,10,1,156.2
1955,10.135,10.132,0.001945,0.05,10,1,156.2
1956,10.135,10.1317,0.000627,0.05,15,1,156.2
1957,10.125,10.1315,0.095272,0.05,11,1,156.2
1958,10.135,10.1315,0.002523,0.05,10,1,156.3
1959,10.135,10.1332,0.00975,0.05,15,1,156.3
1960,10.135,10.1332,0.001888,0.05,10,1,156.3
1961,10.135,10.1326,0.003474,0.05,10,1,156.3
1962,10.065,10.1309,0.00258,0.05,22,1,156.4
1963,10.115,10.1305,0.001112,0.05,12,1,156.4
1964,10.135,10.1309,0.103967,0.05,10,1,156.4
1965,10.075,10.1297,0.002688,0.05,16,1,156.4
1966,10.155,10.1301,0.002382,0.05,13,1,156.5
1967,10.15,10.1306,0.004779,0.05,11,1,156.5
1968,10.155,10.131,0.003677,0.05,13,1,156.5
1969,10.135,10.1316,0.00084,0.05,10,1,156.5
1970,10.105,10.1314,0.000918,0.05,13,1,156.6
1971,10.15,10.1314,0.090445,0.05,11,1,156.6
1972,10.14,10.1321,0.001606,0.05,12,1,156.6
1973,10.125,10.1321,0.001171,0.05,11,1,156.6
1974,10.135,10.132,0.005236,0.05,10,1,156.6
1975,10.135,10.1336,0.00077,0.05,10,1,156.7
1976,10.135,10.1333,0.003416,0.05,10,1,156.7
1977,10.135,10.1333,0.000664,0.05,10,1,156.7
1978,10.135,10.1331,0.000672,0.05,10,1,156.7
1979,10.125,10.1331,0.000598,0.05,11,1,156.7
1980,10.135,10.1331,0.000692,0.05,10,1,156.8
1981,10.115,10.1327,0.002499,0.05,12,1,156.8
1982,10.145,10.1329,0.000766,0.05,14,1,156.8
1983,10.14,10.133,0.002114,0.05,12,1,156.8
1984,10.15,10.1327,0.000682,0.05,11,1,156.9
1985,10.115,10.1323,0.00052,0.05,12,1,156.9
1986,10.135,10.1323,0.000424,0.05,10,1,156.9
1987,10.135,10.1322,0.002264,0.05,10,1,156.9
1988,10.135,10.1322,0.002078,0.05,10,1,156.9
1989,10.135,10.1322,0.000568,0.05,10,1,157.0
1990,10.15,10.1325,0.000507,0.05,11,1,157.0
1991,10.135,10.1325,0.000603,0.05,10,1,157.0
1992,10.095,10.1319,0.002176,0.05,14,1,157.0
1993,10.135,10.1319,0.00046,0.05,10,1,157.1
1994,10.135,10.1319,0.000518,0.05,10,1,157.1
1995,10.135,10.1316,0.001376,0.05,10,1,157.1
1996,10.135,10.1316,0.105515,0.05,10,1,157.1
1997,10.115,10.1309,0.002648,0.05,12,1,157.1
1998,10.15,10.1312,0.002271,0.05,11,1,157.2
1999,10.14,10.1311,0.004928,0.05,12,1,157.2
2000,10.135,10.1312,0.00359,0.05,10,1,157.2
